genres,app_name,id,year
Simulation,Train Simulator: BR Class 423 ‘4VEP’ EMU Add-On,65256,2012.0
Indie,BattleRush,734580,2017.0
Strategy,Reverse Crawl,400660,2015.0
Adventure,Countless Rooms of Death,341380,2014.0
Indie,Tomato Jones 2,625940,2017.0
Indie,BASMENT DWELLERS,553040,2016.0
Action,Borderlands 2 Season Pass,218560,2012.0
Indie,Craft The World - Sisters in Arms,492680,2016.0
Early Access,Rogue Operatives Hide and Seek,393790,2016.0
Casual,Madu Maths,689400,2017.0
RPG,Robocraft,301520,2017.0
Adventure,Dinosaur Hunt - Dragon Hunter Expansion Pack,408102,2015.0
Free to Play,Super Crate Box,212800,2010.0
Simulation,Rocksmith® 2014 Edition – Remastered – Amon Amarth - “The Pursuit of Vikings”,637769,2017.0
Indie,FORM - Original Soundtrack + Digital Art Book,682980,2017.0
Casual,Rocksmith - Santana - Oye Como Va,222069,2013.0
Adventure,Middle-earth: Shadow of Mordor - Rising Storm Rune,313381,2014.0
Indie,Fantasy Grounds - Top-Down Tokens - Darkwoulfe's Token Pack Vol 1,450092,2016.0
Indie,Fantasy Grounds - Village Backdrop: Hard Bay (5E),706700,2017.0
Action,Injustice™ 2 - Fighter Pack 1,734281,2017.0
Adventure,Dark Cases: The Blood Ruby Collector's Edition,569150,2017.0
Indie,Vostok Inc.,656460,2017.0
Action,The Wizards Who Fell In A Hole,562680,2016.0
Early Access,Wrongworld,664750,2017.0
Strategy,"Warhammer 40,000: Dawn of War II - Retribution - Chaos Sorcerer Wargear DLC",56484,2011.0
Adventure,Tales of Escape - Sleepy Hollow VR,747040,2017.0
Action,Alien Run,485410,2016.0
RPG,sZone - Stalker Starter Kit,514450,2016.0
Strategy,Fantasy Grounds - Witchcraft (BRP),641030,2017.0
Indie,Best of Us,464380,2016.0
Indie,Chicken Invaders 3 - Easter Edition,378621,2015.0
Casual,Cosmic Pioneer,629380,2017.0
Casual,Dokuro,317840,2014.0
Adventure,Contrast,224460,2013.0
Free to Play,ERR - 001,559990,2016.0
Casual,Tooth and Tail - Official Soundtrack,698760,2017.0
Indie,Eternal Maze,652990,2017.0
Adventure,Rocketbirds: Hardboiled Chicken,215510,2012.0
Adventure,Gabriel Knight - Sins of the Fathers Demo,318170,2014.0
RPG,EverQuest II : Terrors of Thalumbra,420410,2015.0
Action,Warface - Chernobyl,717530,2017.0
Indie,Snakes - N - Ladders : Origins - Episode 1,552940,2017.0
Action,Street Fighter X Tekken: SF Booster Pack 7,210087,2013.0
Indie,White Day - Christmas Costume - Dal-Su Son,762340,2017.0
Sports,Pixel Puzzles Ultimate - Puzzle Pack: Wales,553071,2016.0
Design &amp; Illustration,Axis Game Factory's AGFPRO Zombie FPS Player DLC,270940,2014.0
Strategy,Mini Thief,481870,2016.0
Action,Warface,291480,2014.0
Racing,CrazyCar,652230,2017.0
Casual,Counter-Strike Nexon: Zombies - Rivals DLC,429450,2015.0
Strategy,Just Deserts - Sleepwear Costume Set,517291,2016.0
Action,The Hat Man: Shadow Ward,291010,2016.0
Action,Call of Duty®: Advanced Warfare - Lightning Premium Personalization Pack,331065,2015.0
Indie,Pixel Russia Streets,638690,2017.0
Indie,Maze Up!,728670,2017.0
Indie,Strawberry Vinegar Original Soundtrack,432510,2016.0
Sports,Soccer Simulation,719970,2017.0
Simulation,Air Missions: HAVOC,549970,2016.0
Casual,Hero of the Kingdom II,346560,2015.0
Indie,Fantasy Grounds - Sundered Skies: Festival of Madness (Savage Worlds),548690,2016.0
Indie,Retro Space Shooter,735840,2017.0
Casual,The Secret of Tremendous Corporation: DLC,384171,2015.0
Simulation,Economic Conquest,576320,2017.0
Adventure,Never Alone (Kisima Ingitchuna),295790,2014.0
Simulation,Rocksmith - Rush - Tom Sawyer,206178,2012.0
Sports,Pixel Puzzles Ultimate - Puzzle Pack: Santa,565323,2016.0
Action,Botlike - a robot's rampage - S.I.R. 9000 skin,714710,2017.0
RPG,S.T.A.L.K.E.R.: Clear Sky,20510,2008.0
Action,Polychromatic,384590,2015.0
Simulation,Rocksmith® 2014 – Bob Dylan - “Subterranean Homesick Blues”,271477,2014.0
Action,Void Raiders,445600,2016.0
Adventure,DROD: The Second Sky OST + Graphics Pack,415070,2016.0
Indie,Dominique Pamplemousse: Soundtrack & Sheet Music,285550,2014.0
Free to Play,Premium Bundle,463902,2016.0
Casual,Memory Oblivion Box - Original Soundtrack,500850,2016.0
Casual,Cubic complex,500100,2017.0
Strategy,Lew Pulsipher's Doomstar,504750,2016.0
Indie,WORLD END ECONOMiCA episode.01,269250,2014.0
Strategy,The Escapists - Escape Team,376700,2015.0
Action,Bumper,509850,2016.0
RPG,CrossCode,368340,2015.0
Racing,MotoGP™14 Compact,321490,2014.0
RPG,Anima Gate of Memories,380750,2016.0
Casual,Classic Remix World,505450,2016.0
RPG,Skara - The Blade Remains,274620,2017.0
Indie,Cloney,400030,2014.0
Indie,Age of Fear: The World Map,677250,2017.0
Indie,Forever Home Soundtrack,749190,2017.0
RPG,Bret Airborne,342510,2013.0
Casual,Mini Z Racers Turbo,508930,2016.0
Action,And So It Was,432590,2016.0
Casual,Sinister City,326180,2014.0
Casual,Shephy,651340,2017.0
Adventure,War of the Human Tanks - Limited Operations,301930,2016.0
Simulation,Stronghold HD,40950,2001.0
Indie,BattleRush - US Special Forces DLC,750491,2017.0
Indie,Anomaly: Warzone Earth,91200,2011.0
Casual,Box Maze - Everyday People Skins Pack,562790,2016.0
Free to Play,K'NOSSOS,696770,2019.0
Strategy,Fantasy Grounds - When the Ship Goes Down (PFRPG),482720,2016.0
Casual,Rocksmith® 2014 – Slash featuring Myles Kennedy and The Conspirators - “You’re a Lie”,294921,2014.0
Indie,Pixel Puzzles Ultimate - Puzzle Pack: Reptile,535720,2016.0
Simulation,Zombie Town,666600,2017.0
Indie,Watch Me Jump,698770,2018.0
Strategy,Making History: The Great War,279140,2015.0
Indie,Castle Explorer - The Dark Below,694380,2017.0
Casual,Wanderland: Warrior Pack,700700,2017.0
Racing,Radio Controlled Cars mode,464300,2016.0
Indie,Adjacency OST,636380,2017.0
Indie,Creekside Creep Invasion,551060,2017.0
Casual,Tales of the Tiny Planet,616040,2017.0
Casual,Rocksmith® 2014 – Bush - “Glycerine”,342807,2015.0
Simulation,Super Thunder Blade™,34314,2010.0
Casual,BAE 2,769330,2018.0
Indie,Receiver,234190,2013.0
Strategy,Battle Brothers - Soundtrack,365380,2017.0
Casual,Rocksmith® 2014 – Chevelle - “The Red”,436627,2016.0
Indie,Fantasy Grounds - The Last Parsec: Eris Beta-V (Savage Worlds),604310,2017.0
Adventure,Sky Trader,579560,2017.0
Racing,GRID 2 - Peak Performance Pack,221166,2013.0
Adventure,METAL GEAR SOLID V: GROUND ZEROES,311340,2014.0
Indie,The Red Solstice Soundtrack,403910,2015.0
Strategy,Talisman - The Harbinger Expansion,707670,2017.0
Adventure,Broken Sword 5: Soundtrack,565830,2017.0
Indie,Hive - The Mosquito,258852,2014.0
Adventure,Oddworld: New 'n' Tasty,314660,2015.0
Adventure,Boss 101,380920,2017.0
Indie,Sunken,405960,2015.0
Adventure,Wanderland: Collector Pack,700680,2017.0
Adventure,Root Letter - Artbook,579650,2017.0
Indie,d20 Modern SRD Ruleset,347100,2015.0
Adventure,Dishonored: Dunwall City Trials,208570,2012.0
Strategy,Stellaris,281990,2016.0
Indie,Eidolon,286140,2014.0
Strategy,Fantasy Grounds - Pathfinder RPG - Mummy's Mask  AP 3: Shifting Sands (PFRPG),754290,2017.0
RPG,Fantasy Grounds - B03: It All Falls Down (5E),576250,2017.0
Action,Clan of Champions - Gem Pack 1,215317,2012.0
Web Publishing,RPG Maker MV - Heaven and Earth Music Pack,653726,2017.0
Indie,Overcast - Walden and the Werewolf,293180,2014.0
Sports,Snowman,586090,2017.0
Indie,Epic Manager - Create Your Own Adventuring Agency!,391280,2016.0
Simulation,The Hunt,437210,2017.0
Free to Play,RIFT Starter Pack,602450,2017.0
Action,Snake 3D Adventures,572240,2017.0
Indie,Among the Sleep - Enhanced Edition,250620,2017.0
Casual,Upside Down,586960,2017.0
Simulation,Wings of Luftwaffe Add-on,45302,2010.0
Adventure,LEGO® Marvel™ Super Heroes,249130,2013.0
Early Access,Keyboard Engine,724070,2017.0
Indie,Magicmaker - Soundtrack,349370,2015.0
Racing,GRID 2 - Demolition Derby Pack,221169,2013.0
Adventure,Hoggy 2,617270,2017.0
Action,DW8XLCE - NEW STAGE & ANIMAL PACK,316866,2014.0
Simulation,X-Plane 10 AddOn - Carenado - M20J 201,325144,2014.0
Casual,Rotatorix,716130,2017.0
Indie,Rozkol,628520,2016.0
Action,Overcast - Walden and the Werewolf,293180,2014.0
Action,LEGO® Marvel Super Heroes 2 - Guardians of the Galaxy Vol. 2,720800,2017.0
Action,Alien Splatter Redux,673300,2017.0
Action,Rodina Soundtrack,316360,2014.0
Action,Military Airfield - Donation DLC,602210,2017.0
Strategy,Son Korsan,645830,2017.0
Casual,Lost Saga NA,266150,2013.0
RPG,Shattered God - Quest for the Divine Relic,661110,2017.0
Indie,CrazyCars3D,454180,2016.0
Early Access,Hover Cubes: Arena,396700,2016.0
Action,Yargis - Space Melee,369040,2015.0
Indie,Escape From BioStation,391650,2017.0
Free to Play,Krosmaster - Water Element Pack,401450,2015.0
Free to Play,Soldier Front 2: The Booster Package,243441,2013.0
Casual,Tell a Demon - Soundtrack & Bonus Material,679340,2017.0
Casual,Colorful Life,565640,2017.0
Action,GGXrd Extra Color Palettes - CHIPP ZANUFF,419944,2015.0
Massively Multiplayer,9Dragons,390100,2017.0
Casual,Recourse,413540,2016.0
Indie,Little Jack's Adventures,571870,2016.0
Strategy,Fantasy Grounds - Undead 1 (Token Pack),632140,2017.0
Indie,Girl Amazon Survival,372750,2016.0
Action,River City Melee : Battle Royal Special,544630,2017.0
Action,Star Conflict: Fleet Strength - Sawtooth,397123,2015.0
Strategy,Battle of Empires: 1914-1918 - ART+OST,409230,2016.0
Action,emoj.io - Faces #3 Pack,538537,2016.0
Adventure,Assassin’s Creed® Rogue - Time Saver: Collectibles Pack,339032,2015.0
Adventure,Return to Mysterious Island,277110,2014.0
Massively Multiplayer,Devilian: Tempest Class Pack,441782,2016.0
Indie,Fantasy Grounds - Weird Wars Rome: Half-Set Sun (Savage Worlds),641740,2017.0
Indie,Creature Clicker - Deluxe Pack,631332,2017.0
Indie,StarFence: Heroic Edition,360750,2015.0
Casual,Idioctopus,571330,2017.0
Casual,DubWars Demo,309890,2014.0
Web Publishing,CyberLink ActionDirector 3,501610,2017.0
Action,Achievement Hunter: Scars,756050,2017.0
RPG,Realms of Arkania 2 - Star Trail Classic,270750,2014.0
Indie,City Play,422270,2016.0
Strategy,HIS - Battle Pack,353742,2015.0
Indie,It's Spring Again,434210,2016.0
Strategy,Box Maze - Xmas Skins Pack,569740,2016.0
Action,Magicka: Gamer Bundle,73057,2011.0
Casual,Rocksmith® 2014 – Ritchie Valens - “La Bamba”,369795,2015.0
Strategy,Pixel Puzzles Ultimate - Puzzle Pack: Samurai,577312,2017.0
Casual,Plantera,421040,2016.0
Action,Helium Rain,681330,2017.0
Simulation,Rocksmith® 2014 – Megadeth - “Tornado of Souls”,390432,2016.0
Casual,Trove,304050,2015.0
Indie,Edgar,455640,2016.0
Casual,Cave Runner,763400,2017.0
RPG,Mars 2030,416070,2016.0
Simulation,Operation: New Earth,528740,2016.0
Early Access,Dungeoncraft,370750,2015.0
RPG,Fantasy Grounds - Mini-Dungeon #007: The Pententieyrie (PFRPG),563900,2016.0
Action,Hard Truck Apocalypse / Ex Machina,285500,2005.0
Strategy,Talisman: The Horus Heresy - Heroes & Villains 4,635340,2017.0
Indie,Monster Trucks Nitro,16620,2009.0
Casual,大逃亡专家-土豆车/EscapeExpert-Potato Car,765190,2017.0
Indie,A Virus Named TOM Soundtrack,207655,2012.0
Indie,Full Game Upgrade,484920,2016.0
Strategy,Tank Operations: European Campaign,258240,2013.0
Simulation,Rocksmith® 2014 – Chevelle Song Pack,436630,2016.0
Strategy,Total War: ATTILA - Age of Charlemagne Campaign Pack,343464,2015.0
Adventure,CodeSpells,324190,2015.0
Action,Rocket League® - Batman v Superman: Dawn of Justice Car Pack,438690,2016.0
Adventure,Brink of Consciousness: Dorian Gray Syndrome Collector's Edition,302130,2012.0
Education,MasterCook 15,372980,2015.0
Action,The Garden,516810,2016.0
Action,Neon Space 2,505210,2016.0
Simulation,Station Commander,740730,2017.0
Strategy,"Duels 2013 ""Grinning Malice"" Deck Key",97386,2012.0
Strategy,Town of Salem - The Coven,626470,2017.0
Indie,Choice of the Cat,715440,2017.0
Strategy,Enemy,339570,2015.0
Adventure,Dead Rising 2 - Sports Fan Skills Pack,353053,2015.0
Action,"Damage Inc P-40N ""Blackfin"" Warhawk",215434,2012.0
RPG,Witanlore: Dreamtime,554570,2017.0
Casual,Torn Familjen,675040,2017.0
Adventure,Lepofrenia,527460,2017.0
Casual,Mystic Saga,415840,2016.0
RPG,Fantasy Grounds - Mini-Dungeon #030: The Burning Tree of Coilltean Grove (PFRPG),611310,2017.0
Strategy,Desktop Dungeons Goatperson DLC,261421,2013.0
Indie,A New World: Kingdoms,628650,2017.0
Adventure,NARUTO SHIPPUDEN: Ultimate Ninja STORM Revolution - DLC5 Jinchuriki Costume Pack 2,301894,2014.0
Casual,Rocksmith® 2014 Edition – Remastered – Rockin’ Covers Song Pack,637743,2017.0
Action,Base Raid,511390,2016.0
Action,Slime Rancher,433340,2017.0
Action,Deep Dark Dungeon,496290,2017.0
Indie,Sorcery! Part 3,445040,2016.0
Action,Exatron Quest 2,669410,2017.0
Simulation,Train Simulator: CPRR 4-4-0 No. 60 ‘Jupiter’ Steam Loco Add-On,562379,2017.0
Action,Psi Project,725280,2017.0
Strategy,Perimeter,289440,2004.0
Simulation,BattleTrucks,601590,2017.0
Simulation,X-Plane 10 AddOn - Carenado - V35 Bonanza,325137,2014.0
Indie,WARMACHINE: Tactics,253510,2014.0
Action,Street Fighter X Tekken: Marduk (Swap Costume),210058,2012.0
Casual,Pony World 2,546820,2017.0
Casual,Don't Die!,659870,2017.0
Casual,Time Clickers,385770,2015.0
Free to Play,Crossout,386180,2017.0
Indie,Gold Rush: The Game,451340,2017.0
Action,Party Panic,506500,2017.0
Strategy,Life is Feudal: Forest Village,496460,2017.0
Strategy,Alpha Kimori™ 1,265870,2014.0
Sports,Automobilista - Formula Truck,550800,2016.0
Strategy,Deadlock II: Shrine Wars,328450,1998.0
Indie,Space Lagat,741560,2017.0
Indie,ARM PLANETARY PROSPECTORS Asteroid Resource Mining,344890,2015.0
Casual,Kitten Rampage,434360,2016.0
Indie,Quiplash,351510,2015.0
Free to Play,A.V.A. Alliance of Valiant Arms™: Rifleman Pack,539103,2016.0
Adventure,Demetrios - Original Soundtrack,481490,2016.0
RPG,Fantasy Grounds - Village Backdrop: Hard Bay (5E),706700,2017.0
Strategy,Lost Dimension: Extra Gift-EXP Bundle,650234,2017.0
Indie,Jigsaw Puzzles,707850,2017.0
Strategy,Domain Defense,455960,2016.0
Simulation,TANE DLC - EMD GP50 - FRISCO,766471,2017.0
Adventure,Sherlock Holmes: Crimes and Punishments,241260,2014.0
Action,Logic Missile,448300,2016.0
Action,Front Mission Evolved: Wanzer Pack 2,43011,2010.0
Indie,Market Tycoon,563360,2017.0
Indie,gShift,396730,2011.0
Indie,Doodle Kingdom,431640,2016.0
Indie,Induction,381890,2017.0
Strategy,Selknam Defense,306260,2014.0
Casual,Pixel Puzzles Ultimate - Puzzle Pack: Angel Wings,521970,2016.0
Simulation,The Kindred,373410,2016.0
Casual,Dima Rescues Ira,586280,2017.0
RPG,Kronos Soundtrack,587800,2017.0
Casual,Gigachess Demo,424220,2015.0
Adventure,The Dark Stone from Mebara,346950,2015.0
RPG,Deepworld,340810,2015.0
Casual,Rocksmith® 2014 – Tom Petty - “I Won’t Back Down”,295049,2014.0
Indie,Dark Rising,710880,2017.0
Adventure,Plazma Being,346630,2015.0
Strategy,Trackday Manager,348030,2016.0
Action,Middle-earth: Shadow of Mordor - HD Content,311670,2014.0
Simulation,Achievement Clicker,743640,2017.0
Strategy,Maximum Archery The Game,513680,2016.0
Adventure,BattleRush - US Special Forces DLC,750491,2017.0
Adventure,Angels That Kill Demo,410680,2015.0
Sports,NBA Playgrounds - Unlock Roster,564910,2017.0
Racing,Mashed,281280,2004.0
Simulation,Sport Casting Bass Pack,423364,2016.0
Action,FreeStyleFootball - Card Pack (SMF),625877,2017.0
Indie,Tesla Effect: A Tex Murphy Adventure,261510,2014.0
Indie,Krater - Dr. Cerebro Pack,204732,2012.0
RPG,TOS - New Rank Booster for SA Servers,768703,2017.0
Casual,Gnome Light,682350,2017.0
Indie,Quest for Infamy,264560,2014.0
Adventure,RPG Tycoon: Festive Fun,570920,2016.0
Casual,FreeStyleFootball - Card Pack (WF),625872,2017.0
Indie,Crystal Control II,499580,2017.0
Adventure,Burnstar - Original Soundtrack,378890,2015.0
Indie,Zooicide,622040,2017.0
Action,DoDonPachi Resurrection,464450,2016.0
RPG,Knights of Pen and Paper - Haunted Fall,324250,2014.0
Free to Play,Games of Glory,342150,2017.0
RPG,Gothic 3: Forsaken Gods Enhanced Edition,65600,2011.0
Indie,Fantasy Grounds - Hellfrost: Siege of Watch Gap Fort (Savage Worlds),629500,2017.0
Indie,Lost Socks: Naughty Brothers OST,572530,2017.0
RPG,Might and Magic: Heroes VII – Trial by Fire,445310,2016.0
Indie,Dogstar,739890,2017.0
Strategy,ShellShock Live,326460,2015.0
Indie,Great Permutator Demo,319340,2014.0
Indie,Dyna Bomb - Soundtrack OST,485090,2016.0
Adventure,DreadOut Demo,299130,2013.0
Adventure,Colortone,375320,2015.0
Action,Silent Storm Gold Edition,254960,2004.0
Indie,Meadow,486310,2016.0
Simulation,Selfie : Sisters of the Amniotic Lens,287140,2015.0
Racing,SQUAKE,526920,2017.0
Indie,Perfect Plan,605160,2017.0
Indie,Tabletop Simulator - Darkrock Ventures,468735,2016.0
Simulation,Robocraft - Speed Bundle,513430,2016.0
RPG,Artisan: Going Home Again,525050,2016.0
Simulation,Burokku Girls,443980,2016.0
Casual,Fish Tycoon,16130,2005.0
Action,Half-Life: C.A.G.E.D. - Level Design Source Files,700860,2017.0
Indie,Fantasy Grounds - Sundered Skies: Companion (Savage Worlds),560360,2016.0
Action,Rise of One,688500,2017.0
Adventure,Naught Reawakening,347080,2015.0
Indie,Cannon Brawl Demo,325760,2015.0
Action,Tom Clancy's Rainbow Six® Siege - Emerald Weapon Skin,417463,2016.0
Adventure,METAL GEAR SOLID V: THE PHANTOM PAIN - Sneaking Suit (The Boss),406590,2015.0
Strategy,Dead Exit,630050,2017.0
Indie,How to shoot a criminal,518130,2017.0
Indie,Stardew Valley Soundtrack,440820,2016.0
Casual,Lindsey (Character for Occult RERaise),698352,2017.0
Strategy,Draft Day Sports: Pro Basketball 2017,544480,2016.0
Casual,Ashes of Immortality,362130,2015.0
Strategy,Fantasy Grounds - Secrets of Tibet (CoC7E),686700,2017.0
Indie,Fantasy Grounds - Tome of Horrors 4 - PFRPG,473600,2016.0
Sports,RC Plane 3 - Warbirds Bundle,675800,2017.0
Indie,The Last NightMary - A Lenda do Cabeça de Cuia,407300,2015.0
Adventure,Heroine's Quest: The Herald of Ragnarok,283880,2014.0
Adventure,LEGO Batman,21000,2008.0
RPG,Halcyon 6: Starbase Commander,371200,2016.0
Adventure,Epic Battle Fantasy 4 - Soundtrack,419290,2015.0
Simulation,Nameless will heal your heart ~Tei~,414672,2013.0
Action,Shepherds of the Abyss,438300,2016.0
Action,Rebel Wings,378090,2016.0
Indie,God Of Thunder,738470,1994.0
Strategy,Fantasy Grounds - Darkwoulfe's Token Pack Volume 14,511850,2016.0
Casual,Hide and Seek - Sombrero,693610,2017.0
Casual,Rocksmith - The Black Keys - Just Got To Be,206106,2012.0
Early Access,Legion TD 2,469600,2017.0
Simulation,Cold Waters - Soundtrack,642510,2017.0
Adventure,Survival Zombies The Inverted Evolution,440730,2017.0
Simulation,Train Simulator: The Rhine Railway: Mannheim - Karlsruhe Route Add-On,277768,2015.0
Casual,The Dream Machine: Chapter 6,461900,2017.0
Indie,Top Hat,315940,2014.0
Massively Multiplayer,Vindictus,212160,2012.0
RPG,Champion of the Gods Demo,386530,2015.0
Simulation,FourChords Guitar Karaoke - Lana Del Rey Song Pack,537826,2016.0
Action,Counter-Strike Nexon: Zombies - Rivals DLC,429450,2015.0
Strategy,Space Hulk,242570,2013.0
Action,USFIV: Brawler Vacation Pack,308262,2014.0
Massively Multiplayer,Nether: Resurrected,247730,2014.0
Free to Play,HIS - [Stranraer] Supermarine Stranraer pack,369506,2015.0
RPG,The Rosefinch Curse（Ning's Wing 1）,530500,2016.0
Simulation,Project CARS - Classic Lotus Track Expansion,334782,2015.0
Indie,Spheria,434340,2016.0
Casual,Pixel Puzzles Ultimate - Puzzle Pack: Macro,591507,2017.0
Strategy,The Long Dark,305620,2017.0
Casual,Apocalypse Hotel: The Thin Blue Line!,446900,2016.0
Action,Unreal 2: The Awakening,13200,2003.0
Indie,Pixel Puzzles Ultimate - Puzzle Pack: Dinosaurs,476010,2016.0
Indie,Memory's Dogma CODE:01 - Original Soundtrack,570800,2016.0
Action,Fate/EXTELLA - Black Speedo,623193,2017.0
Action,Call of Duty®: Infinite Warfare - Grandma Knows Best VO Pack,638120,2017.0
Action,Luna's Wandering Stars,330660,2015.0
Indie,Euro Truck Simulator 2 - Pirate Paint Jobs Pack,461248,2016.0
Action,Nuclear Throne - Original Soundtrack by Jukio Kallio,428400,2015.0
Action,Scraps Demo,382060,2015.0
Early Access,Super Cane Magic ZERO,336440,2015.0
Racing,Demon Truck,489760,2016.0
Indie,Gremlin Invasion: Survivor,349980,2015.0
Action,Grim Dawn - Ashes of Malmouth Expansion,642280,2017.0
Massively Multiplayer,Hero Siege - Maniac Gunner Pirate (Skin),564730,2016.0
Action,Yatagarasu Attack on Cataclysm Original Soundtrack,385650,2015.0
Casual,StepX,711210,2017.0
Strategy,Istrolid,449140,2016.0
Strategy,Sengoku Jidai: Shadow of the Shogun,397190,2016.0
Adventure,Mighty Party: Back to Transylvania Pack,616280,2017.0
RPG,Your Quest,416030,2015.0
Indie,M.A.C.E.,555280,2017.0
Free to Play,Strife® - Starter Pack,360240,2015.0
Adventure,Please - Soundtrack,596520,2017.0
Free to Play,Spooky's Jump Scare Mansion,356670,2015.0
Casual,Poly Towns,438730,2016.0
Indie,Auralux: Constellations,444130,2016.0
Action,SUPER DISTRO,364690,2015.0
RPG,MyWorld - Action RPG Maker,492150,2017.0
Casual,VoxreD,533640,2016.0
Strategy,The Guild Gold Edition,39520,2002.0
Indie,ReVeN: XBridge,422030,2017.0
RPG,Winter Voices Episode 2: Nowhere of me,72903,2010.0
Adventure,Turtle Odyssey,412480,2015.0
Simulation,Rocksmith® 2014 – Thirty Seconds to Mars - “Kings and Queens”,390426,2016.0
Free to Play,Maui,464700,2016.0
Action,Terra Tanks: Defenders of the Earth,747820,2017.0
Strategy,Think To Die 2,539380,2016.0
Adventure,OPUS Original Soundtrack,458740,2016.0
Action,Imprisoned Light - Soundtrack,553720,2016.0
Indie,Sickness Demo,431420,2015.0
Strategy,Save the Creatures,411860,2015.0
Adventure,Xenon Valkyrie,573780,2017.0
Action,Gauntlet™ Slayer Edition,258970,2014.0
Indie,Chaos Town,620130,2017.0
Indie,Stellar Interface - Original Soundtrack,567070,2016.0
RPG,Fantasy Grounds - Islands of Plunder: Spices and Flesh (PFRPG),572070,2016.0
Adventure,DROD: The Second Sky,351320,2014.0
Simulation,MXGP - The Official Motocross Videogame Compact,336010,2014.0
RPG,Badland Bandits - Raw Power Skins,391010,2015.0
Simulation,Nurbits,651010,2017.0
Sports,Wand Wars - Soundtrack,574400,2016.0
Strategy,STAR WARS™ Empire at War - Gold Pack,32470,2006.0
Indie,Breach & Clear: Deadline Rebirth (2016),310890,2015.0
Indie,Miner Warfare,354620,2012.0
Indie,Warp Rider,656370,2017.0
Early Access,Handy Dice,556850,2017.0
Strategy,Plague Needle - Awesomenauts Droppod,605957,2017.0
Adventure,A-Men 2,294190,2015.0
Indie,Cat Goes Fishing,343780,2015.0
Adventure,AER Memories of Old Soundtrack,699290,2017.0
Simulation,Panzer Warfare,513880,2016.0
Adventure,The Empire Strikes Back Character Pack,466540,2016.0
Indie,Homesick,244910,2015.0
Indie,Stickman - Killer of Apples,727590,2017.0
Simulation,Train Simulator: Fort Kent to Eagle Lake Route Add-On,24055,2010.0
Indie,Sound Soarer,729130,2017.0
Indie,Anodyne,234900,2013.0
Action,Awesomenauts - Steel Seraph Ix Skin,425542,2016.0
Free to Play,Rescue the Great Demon 2 - Art Book,560630,2016.0
Early Access,Train Station Simulator,738610,2017.0
Adventure,Watch_Dogs® 2 - Black Hat Pack,525014,2016.0
Indie,Cladun X2 / クラシックダンジョンX2,206250,2012.0
Casual,Koi-Koi Japan : UKIYOE tours Vol.1,510610,2016.0
RPG,Female #1 + Starter Pack for Arcane (pre)Raise,609791,2017.0
Action,Saints Row: The Third - Money Shot Pack,55389,2012.0
Action,America's Army: Proving Grounds,203290,2015.0
Simulation,TANE DLC - EMD GP50 - Burlington Northern (Phase I),766472,2017.0
Action,Hitman: Absolution: Agency Jagd P22G,216411,2012.0
Indie,Just Hero,527760,2016.0
RPG,Fantasy Grounds - Ultimate NPCs: Skulduggery (5E),528480,2016.0
Adventure,Male #1 + Booster Pack,604600,2017.0
Massively Multiplayer,Pool Nation FX - Unlock Online,421770,2015.0
Indie,24 Hours 'til Rescue,444420,2016.0
Action,Magicka 2: Gates of Midgård Challenge pack,393830,2015.0
Racing,Marble Mayhem: Fragile Ball,370510,2015.0
Free to Play,ChuSingura46+1 S,464780,2016.0
Action,Hero Siege - The Karp of Doom (Digital Collector's Edition),312290,2014.0
Indie,Fantasy Grounds - C&C: A5 The Shattered Horn,332020,2014.0
Indie,Hidden Folks,435400,2017.0
Action,Shmup Love Boom - Soundtrack,387120,2015.0
Free to Play,Realm Grinder,610080,2017.0
Early Access,The Spatials: Galactology,450700,2016.0
Indie,Electronic Super Joy - A Hot Sticky Mess DLC,317770,2014.0
Indie,Defend Your Kingdom,653780,2017.0
Strategy,Honey Rose: Underdog Fighter Extraordinaire,523680,2016.0
Casual,Save Jesus,509220,2016.0
Adventure,Achievement Hunter: Foxy,710330,2017.0
Action,GemBreak,491160,2016.0
Indie,Catacomb Kids,315840,2015.0
Action,How To Survive 2 - Crow Pet,475131,2016.0
Adventure,Tom Clancy’s The Division™,365590,2016.0
Animation &amp; Modeling,iOS Exporter for Clickteam Fusion 2.5,267651,2013.0
Early Access,Windscape,363950,2016.0
Indie,Bell Ringer,424830,2016.0
Casual,The Tritan Initiative,656290,2017.0
Casual,dUpLicity ~Beyond the Lies~ Demo,335970,2011.0
Racing,Motorama,327010,2014.0
Action,Jack Lumber,220900,2013.0
Indie,Battlevoid: Harbinger,396480,2016.0
Adventure,Dark Scavenger,293880,2014.0
Casual,Wonder Boy Returns,523810,2016.0
Strategy,Divinity: Original Sin 2 - Divine Ascension,715950,2017.0
Action,Verdict Guilty - 유죄 평결,449210,2016.0
Adventure,Academagia: The Making of Mages,533480,2010.0
Adventure,Aveyond 4: Shadow of the Mist,433920,2016.0
Adventure,The Pit And The Pendulum,463050,2016.0
RPG,Borderlands 2: Commando Madness Pack,225820,2013.0
Adventure,Age of Survival,369080,2015.0
Adventure,Blades of Time,208670,2012.0
Action,Galactic Feud,611730,2017.0
Adventure,Tick's Tales,411610,2016.0
Indie,DeathMetal,553820,2016.0
Early Access,Stupid Raft Battle Simulator,598240,2017.0
RPG,Sins Of The Demon RPG,461640,2016.0
Racing,Metal War Online: Retribution,412470,2015.0
RPG,Freshly fried shrimps seemed hot additionally named noth,699930,2017.0
Early Access,OBCIDIAN LEGACY,568190,2017.0
RPG,Gunspell - Steam Edition,328100,2014.0
Action,Ix the Interloper - Awesomenauts Character,561556,2017.0
Casual,My Loved Heart,727560,2017.0
Action,Predator/Prey Pack,354427,2015.0
Indie,Fallen Enchantress: Legendary Heroes - Battlegrounds DLC,333040,2014.0
Strategy,Domino Sky,457480,2016.0
Action,Bloodbath,304150,2014.0
Indie,Dynasty Feud - The Night Party,723460,2017.0
Strategy,Rise of Prussia Gold,292760,2013.0
Indie,Monochroma,265830,2014.0
Indie,Angels with Scaly Wings,571880,2017.0
Strategy,Fantasy Grounds - Mythic Monsters #8: Abyssal (PFRPG),718460,2017.0
Adventure,Ropelike,655140,2017.0
Adventure,Voyage to Farland,364790,2015.0
Indie,Rescue Lucy - House Escape DLC #2,498811,2016.0
Simulation,Rocksmith® 2014 Edition – Remastered – Green Day - “21 Guns”,509684,2016.0
Adventure,Nicolas Eymerich The Inquisitor Book II : The Village,297070,2015.0
Free to Play,The Secret of Tremendous Corporation: DLC,384171,2015.0
RPG,Tabletop Simulator - Tiny Epic Quest,610698,2017.0
Adventure,Assassin’s Creed® Rogue - Templar Legacy Pack,339030,2015.0
Casual,Airstrike One,713600,2017.0
Indie,Tompi Jones,370310,2015.0
Action,Wonky Pigeon!,364710,2015.0
Action,Solaroids - Soundtrack (OST),652440,2017.0
Indie,Kuraburo Kai,500760,2016.0
Racing,Disney•Pixar Cars 2: The Video Game,301760,2011.0
Action,"Mafia III: Faster, Baby!",598020,2017.0
Action,Snow Light,329480,2014.0
Free to Play,RoBros,647000,2017.0
Adventure,Ghost 1.0 - Soundtrack,488750,2016.0
Casual,RPS Runner,654670,2017.0
Indie,>//:System.Hack,557330,2017.0
Indie,NakedMan VS The Clothes,592130,2017.0
Adventure,The Whispered World Special Edition,268540,2014.0
Simulation,FURIDASHI - PREMIUM CAR: 1995 MRKII,756721,2017.0
Racing,Tile Rider - Soundtrack,362440,2015.0
Action,Trianga's Project: Battle Splash 2.0,756600,2017.0
Simulation,Trainz Route: Canadian Rocky Mountains - Columbia River Basin,486100,2016.0
Action,4Team,534320,2016.0
Action,Super Laser  Racer,44100,2010.0
Strategy,Metal Waltz: Anime tank girls,581130,2017.0
Adventure,Strawberry Vinegar,407340,2016.0
Strategy,Captain vs Sky Pirates - Forest,754070,2017.0
RPG,Destination Sol,342980,2015.0
Adventure,GTA Online: Shark Cash Cards,376850,2015.0
Simulation,Rocksmith® 2014 – Iron Maiden Song Pack,258353,2013.0
Action,What The Box?,527340,2016.0
Racing,OCEAN CITY RACING: Redux,311400,2016.0
Casual,Signs of Life,263200,2014.0
RPG,Lords of Magic: Special Edition,404040,1997.0
Adventure,Toonstruck,369830,2016.0
Indie,Gaia's Melody: Echoed Melodies,725410,2017.0
Sports,Drift GEAR Racing Free,542780,2016.0
Action,Stonekeep,613240,1995.0
Simulation,Rocksmith® 2014 – R.E.M. - “The One I Love”,271429,2014.0
Indie,BattleRush - US Marine Corps DLC,750490,2017.0
Strategy,"Gremlins, Inc.",369990,2016.0
Indie,Intergalactic Bubbles,351490,2015.0
Animation &amp; Modeling,The Official AppGameKit Tutorial Guide Vol 2,744150,2017.0
Indie,NEStalgia Soundtrack,537410,2016.0
Action,XO-Planets,439730,2015.0
Casual,Bug Battle,752000,2017.0
Racing,Frontiers.io - Expansion Pack 5,761210,2017.0
Action,ARSLAN - Wall Paper Set 1,427675,2016.0
Indie,Pony World 3,364940,2015.0
Adventure,Batman™: Arkham Knight - Robin and Batmobile Skins Pack,401631,2015.0
Simulation,REVERSE SIDE,317730,2015.0
Indie,Ace of Spades: Battle Builder,224540,2012.0
Indie,Omegaland,619870,2017.0
RPG,Gnomes vs. Fairies: Greckel's Quest - OST,575190,2016.0
Action,Sky Force Anniversary,355050,2015.0
Design &amp; Illustration,ePic Character Generator,408930,2015.0
Adventure,An Epic Tale of Redwall : The Scout,656030,2017.0
Indie,Fate Tectonics,379530,2015.0
Casual,Mystika 3 : Awakening of the dragons,652570,2017.0
Strategy,Kosmos DAK Wraith - Awesomenauts Droppod,605960,2017.0
Indie,"SUPER ARMY OF TENTACLES 3, XPACK II.V: Apocalypse Bunny Saves Christmas",717260,2017.0
RPG,Tales of Berseria™ - Attachment Set,528058,2017.0
Action,Torchlight II,200710,2012.0
Free to Play,Faeria - Steam Pack,574570,2017.0
Action,Defiance - Gold Edition,542450,2016.0
Strategy,Genghis Khan / 蒼き狼と白き牝鹿・ジンギスカン,521650,2017.0
Simulation,VRC PRO Deluxe Off-road tracks 2,381790,2015.0
Action,Soldier Front 2,239660,2013.0
Free to Play,The Old Tree,346250,2012.0
Action,Roses and Gems,406690,2016.0
Indie,T.E.C. 3001,280910,2014.0
Action,Dashing Dinos,455290,2016.0
Simulation,Great eSports Manager,671170,2017.0
Simulation,Rocksmith® 2014 – Rupert Holmes - “Escape (The Piña Colada Song)”,294964,2014.0
Adventure,Heavily Armed,554770,2017.0
Indie,Fantasy Grounds - Dungeons & Dragons: The Rise of Tiamat,357350,2015.0
RPG,Apocalypse Hotel: The Thin Blue Line!,446900,2016.0
Casual,Just Deserts - Original Sound Track,507020,2016.0
Casual,Opaline,370660,2017.0
Massively Multiplayer,emoj.io - Wacky Pack,538538,2016.0
Action,Star Rangers™ XE,333340,2016.0
RPG,Ares Omega,405440,2016.0
Strategy,Naval Action,311310,2016.0
Casual,The Adventurer and His Backpack,635410,2017.0
RPG,Detective Hayseed - Hollywood,504380,2016.0
Racing,Rossi Ford Focus Rally car 2009,464290,2016.0
Strategy,HEX: Primal Dawn Bundle,464980,2016.0
Simulation,Trick and Treat - Visual Novel,555210,2016.0
Indie,Reflector: Bug Hunt,638780,2017.0
Simulation,Train Simulator: Rascal & Cottonwood Route Add-On,24028,2009.0
Action,Blast Brawl 2: Bloody Boogaloo,447980,2016.0
Simulation,Train Simulator: InterCity Class 91 Loco Add-On,222625,2014.0
Adventure,Petrichor,709630,2017.0
Simulation,Rocksmith® 2014 – Audioslave - “Like a Stone”,295020,2014.0
Indie,DOG GONE GOLFING,665590,2017.0
Action,Strawberry Banana Surprise (Y),482222,2016.0
Indie,East Tower - Kuon,356550,2013.0
Casual,Piggy Princess,454670,2016.0
Casual,Our Nation's Miner,360040,2015.0
Sports,MX vs. ATV Supercross Encore - 2015 Husqvarna FC 350 MX,429904,2016.0
Casual,Heartomics: Slime & Friends,456660,2016.0
Indie,Devoid of Shadows,671900,2017.0
Action,Retool OST,463610,2016.0
Action,Way of the Samurai 3 - Weapon Set,428311,2016.0
Action,Project RPG,455710,2017.0
Action,End of the Mine Soundtrack,551300,2016.0
Action,Anima Gate of Memories - Soundtrack,538930,2016.0
Action,GameGuru Mega Pack 3,321142,2015.0
Casual,Draw a Stickman: EPIC 2,403180,2015.0
Indie,Supreme League of Patriots - Episode 2: Patriot Frames,336710,2015.0
Indie,Anomaly 1729,424320,2015.0
Simulation,Rocksmith® 2014 Edition – Remastered – Beastie Boys - “Fight For Your Right”,509726,2017.0
Adventure,Quantum Conscience - Original Soundtrack,454660,2016.0
Indie,Finque,532700,2016.0
Indie,Outbreak - Rainbow Player Skin,593500,2017.0
Indie,AuroraRL,437890,2016.0
Indie,Star Balls,366050,2015.0
Free to Play,Chronicle: RuneScape Legends - Epic Pack,508771,2016.0
Casual,iBomber Defense Pacific,206690,2012.0
Massively Multiplayer,My Lands: Golden Age - Premium DLC Pack,316500,2014.0
Indie,Eador: Genesis,235660,2009.0
Strategy,Fantasy Grounds - Pathfinder RPG - Bestiary 1 Pack (PFRPG),597420,2017.0
Simulation,Birthdays the Beginning / バースデイズ・ザ・ビギニング - Digital Art Book / デジタル・アートブック,570480,2017.0
Strategy,Monaco: What's Yours Is Mine,113020,2013.0
Indie,Adventure Apes and the Mayan Mystery,461830,2012.0
Casual,Minimalism,585690,2017.0
Adventure,Time Mysteries 3: The Final Enigma,319320,2013.0
Adventure,Infinitum,555670,2017.0
Indie,Amaranthine - Original Soundtrack,465530,2016.0
Strategy,LA Cops,278810,2015.0
Adventure,Gunmetal Arcadia Zero,555610,2016.0
Adventure,Tick Tock Isle Demo,418840,2015.0
Casual,emoj.io - Gourmand Pack,538532,2016.0
Utilities,GameMaker Studio 2 UWP,585610,2017.0
RPG,Runers,306550,2014.0
Adventure,Burgers,385830,2015.0
RPG,Fantasy Grounds - Pathfinder RPG - Hell's Rebels AP 2: Turn of the Torrent (PFRPG),729360,2017.0
Indie,The Last Cargo,593560,2017.0
Simulation,Train Simulator: Dispolok BR 189 Loco Add-On,258645,2014.0
Action,Predator Simulator,369100,2015.0
Adventure,Hide & Hold Out - H2o,377140,2016.0
RPG,Atonement: Scourge of Time,385070,2015.0
Action,Sniper Elite 3 - Sniper Rifles Pack,305184,2014.0
Casual,Pixel Puzzles Ultimate - Puzzle Pack: Landscapes XL,591492,2017.0
Indie,WORLD END ECONOMiCA episode.03,527190,2016.0
Casual,Bouncing Duck Simulator,696560,2017.0
Indie,qop 2,757330,2017.0
RPG,Hyperdimension Neptunia Re;Birth1 Additional Content2 / コンテンツ追加パック２ / 內容補充包２,319018,2015.0
Indie,Iesabel,248710,2013.0
Indie,Survivor Squad,258050,2013.0
Casual,QUBE: Against the Qlock,234570,2013.0
Indie,Trivia Vault: Mini Mixed Trivia 4,710120,2017.0
Indie,Barony,371970,2015.0
Indie,American Truck Simulator - Steering Creations Pack,520550,2016.0
Casual,Trivia Night,628570,2017.0
Indie,Change,765640,2017.0
Casual,Crazy Machines 2 - Invaders from Space,202454,2012.0
Strategy,Forge of Gods: Fantastic Six pack,537320,2016.0
Indie,Painted Legend,508730,2016.0
Massively Multiplayer,MapleStory (Original Game Soundtrack) : Black Heaven,753710,2017.0
Simulation,Where's My Mommy? - Original Soundtrack,446350,2016.0
Simulation,Cities in Motion 2: Metro Madness,225426,2013.0
Indie,Super Toaster X: Learn Japanese RPG,530080,2017.0
Casual,Rocksmith® 2014 – George Baker Selection - “Little Green Bag”,492966,2016.0
Indie,Alien Blitz,434240,2016.0
Casual,Quiplash,351510,2015.0
Adventure,Assassin’s Creed® Rogue - Time Saver: Resource Pack,339033,2015.0
Casual,Rocksmith® 2014 – Queen - “Another One Bites the Dust”,369783,2015.0
Strategy,Mahjong Match,709610,2017.0
Indie,Mark II “Falling Closet” - Awesomenauts Droppod,605951,2017.0
RPG,Heroine Anthem Zero,537990,2016.0
Indie,Pluck,341010,2015.0
Simulation,Pixel Puzzles Ultimate - Puzzle Pack: Dolphins,591498,2017.0
Casual,Rugby League Team Manager 2015,367550,2015.0
Massively Multiplayer,Sport Ultralight Panfish Pack,423368,2016.0
Indie,Achievement Hunter: Urban,695020,2017.0
Simulation,FSX Steam Edition: Toposim Canada Add-On,556219,2017.0
Indie,PRICE - Original Soundtrack（原声OST）,526411,2016.0
RPG,Shakes and Fidget,438040,2016.0
Adventure,Labyrinthian,699410,2017.0
Action,Crazy Pixel Streaker,393460,2016.0
Casual,Orb The Ball,711450,2017.0
Action,Tom Clancy's Rainbow Six® Siege - Smoke Bushido Set,568970,2017.0
Indie,Dog Duty,578690,2017.0
Free to Play,Jigoku Kisetsukan: Sense of the Seasons,368950,2015.0
Massively Multiplayer,Of Guards and Thieves - Map Workshop,666200,2017.0
Action,DARIUSBURST Chronicle Saviours - DoDonPachi Resurrection,496970,2016.0
RPG,Song of the Myrne: What Lies Beneath,333330,2015.0
Casual,The Thirst of Hearts,689360,2017.0
Action,BattleRush - Medium Tanks DLC,739251,2017.0
Simulation,Train Simulator: Falmouth Branch Route Add-On,24096,2010.0
RPG,Don't open the doors! - Original Soundtrack,556100,2016.0
Adventure,Yi and the Thousand Moons,701730,2017.0
Racing,Glacier 3: The Meltdown,267940,2010.0
RPG,Alien Shooter 2 Conscription,211010,2012.0
Simulation,Rocksmith® 2014 – Pixies  - “Wave of Mutilation”,492942,2016.0
Strategy,Epic Manager - Create Your Own Adventuring Agency!,391280,2016.0
Action,Battle Islands: Commanders,445720,2017.0
Adventure,No Man's Sky,275850,2016.0
Action,VRC PRO International Oval On-road tracks Deluxe,574675,2017.0
Simulation,Rocksmith® 2014 – Hit Singles Song Pack IV,390455,2016.0
Casual,Rising Angels: Reborn,321840,2013.0
Strategy,The Curious Expedition OST,408510,2015.0
Adventure,Treeker: The Lost Glasses,369640,2015.0
Casual,Hidden Mysteries: Titanic,369280,2012.0
Action,Horror in the Asylum,428210,2016.0
Early Access,Saurian,587450,2017.0
Indie,Dawn of the Plow,364700,2015.0
RPG,Forward to the Sky Demo,348010,2015.0
Indie,Bystander,674860,2017.0
RPG,Silent Storm Gold Edition,254960,2004.0
Free to Play,COLOR RETRO RACER : TRIALS MODE *6 Lifes*,768856,2017.0
RPG,Fantasy Grounds - Into the Wintery Gale: Raider’s Haul (PFRPG),630270,2017.0
Free to Play,Microtransaction Simulator,689090,2017.0
Simulation,Grass Simulator - Soundtrack,341610,2015.0
Action,Super Trashforce OST,720810,2017.0
Action,Rise & Shine,347290,2017.0
Adventure,The NADI Project,474010,2016.0
Action,Rocket Riot,460190,2016.0
Adventure,Drizzlepath,355760,2015.0
RPG,Pixel Heroes: Byte & Magic - Soundtrack,489590,2016.0
Indie,Hot Tin Roof Soundtrack,348070,2015.0
Indie,MegaSphere Demo,393730,2015.0
Action,Hungry Flame,586970,2017.0
Sports,Quantum Rush Champions Demo,370520,2015.0
Adventure,Fated Souls 3,602790,2017.0
Action,Painkiller Hell & Damnation,214870,2012.0
Casual,Hex: Origins,695420,2017.0
Action,Homefront®: The Revolution - The Guerrilla Care Package,455350,2016.0
Indie,Ix the Interloper - Awesomenauts Character,561556,2017.0
Strategy,Monster Monpiece - Deluxe Pack,586010,2017.0
Strategy,Agarest: Generations of War 2,312790,2015.0
Simulation,Anime Studio Simulator,508230,2016.0
Indie,Shmup Love Boom - Soundtrack,387120,2015.0
Strategy,Tank On Tank Digital - East Front,613870,2017.0
Adventure,Wasteland Gossip,746120,2017.0
RPG,Fantasy Grounds - 0 one's Colorprints #1: Tomb of the Shadow King (Map Pack),609370,2017.0
Simulation,Rocksmith® 2014 – Black Label Society - “Overlord”,436596,2016.0
Indie,Smugglers 5: Invasion,326230,2014.0
Simulation,Computer Tycoon,686680,2017.0
Action,No Time To Explain OST,297550,2014.0
Action,Joint Task Force,6400,2006.0
Adventure,Fitz the Fox,372830,2015.0
Adventure,PuppetShow™: Mystery of Joyville,533060,2016.0
Sports,theHunter™: Call of the Wild - Bearclaw Lite Compound Bow,602310,2017.0
Adventure,East Tower - Akio,354950,2012.0
Strategy,RollerCoaster Tycoon® 3: Platinum,2700,2006.0
Action,Kalimba - The Dark Void - Coop,346071,2015.0
Indie,The Sandbox,265810,2015.0
Adventure,Ninjahtic Mind Tricks,387880,2015.0
Indie,Walk The Light,428130,2016.0
Action,The Polynomial - Space of the music,67000,2010.0
Indie,Anoxemia,338050,2015.0
Action,Clown2Beat,547870,2016.0
Adventure,"Kivi, Toilet and Shotgun",428950,2016.0
Simulation,MX vs. ATV Supercross Encore - 2015 Husqvarna FC 250 MX,429903,2016.0
Indie,BeatBlasters III,246800,2014.0
Strategy,Ninja Cats vs Samurai Dogs,260380,2014.0
Simulation,New York Taxi Simulator,446470,2016.0
Simulation,The Terminal 2,313620,2014.0
Strategy,The Magic Circle Demo,377020,2015.0
Indie,Death Skid Marks,326150,2014.0
Simulation,Train Simulator: West Highland Line (South) Route Add-On,277761,2015.0
Simulation,Euro Truck Simulator 2 - Cabin Accessories,388470,2015.0
Action,F.E.A.R.,21090,2005.0
Adventure,Yorkshire Gubbins,716650,2017.0
Strategy,Omerta - The Japanese Incentive,215374,2013.0
Casual,Elems,528670,2016.0
Free to Play,Lunarsea,661830,2017.0
Adventure,Hentai - Soundtrack Of The Year (SOTY),723200,2017.0
RPG,Wizardry 8,245450,2001.0
Casual,Rocksmith® 2014 – No Doubt - “Ex-Girlfriend”,294979,2014.0
Adventure,Enola,263520,2014.0
Indie,Vortex Attack: ボルテックスアタック,357890,2015.0
Free to Play,Pixel Puzzles Ultimate - Puzzle Pack: Coral Reef,591494,2017.0
Utilities,Decent Icons,395760,2017.0
Indie,Aiball: Drunks,490990,2016.0
Action,Tom Clancy's Rainbow Six® Siege - Pro League Mira Set,744836,2017.0
Indie,Reagan Gorbachev,364720,2016.0
RPG,Wizrogue - Labyrinth of Wizardry,494320,2017.0
Early Access,Tier 1,565490,2017.0
RPG,Corpse Party,251270,2016.0
Indie,Sparkour,386470,
Simulation,Lost Summoner Kitty,761140,2018.0
Indie,Toki Tori 2+,201420,2013.0
Action,Mini Ghost,586880,2017.0
Design &amp; Illustration,openCanvas 7,398810,2017.0
Simulation,American Truck Simulator - Christmas Paint Jobs Pack,566890,2016.0
Adventure,The Rosebud Condominium,663120,2017.0
Early Access,Shadow Of Nebula,433960,2016.0
Indie,V: Soundtrack,683420,2017.0
Strategy,Club Manager 2016 - Upgrade to Club Manager 2017,595970,2017.0
Action,The Dropping of The Dead,691130,2017.0
Simulation,Fantasy Kingdom Simulator,482890,2016.0
Indie,The Crowded Party Game Collection,618640,2017.0
Casual,Rocksmith® 2014 – Sum 41 - “We’re All to Blame”,294923,2014.0
Casual,Hero Rush: Mad King,702190,2017.0
Action,Death Stair,444880,2016.0
Action,Suits: A Business RPG,410670,2016.0
Free to Play,Total War Battles: KINGDOM - Starter Pack,480720,2016.0
Action,ClickRaid - Token Resource Collector,757280,2017.0
Video Production,liteCam Game 5:  120 FPS Game Capture + Streamer,428800,2015.0
Action,Cally's Trials,476510,2016.0
Audio Production,liteCam Game 5:  120 FPS Game Capture + Streamer,428800,2015.0
RPG,Fantasy Grounds - Deadlands Noir,317830,2014.0
Strategy,No Pineapple Left Behind,350090,2016.0
Strategy,Royal Offense,615090,2017.0
Simulation,"Rocksmith® 2014 – Mötley Crüe - “Girls, Girls, Girls”",390408,2015.0
Action,Warframe Mirage Prime Access: Eclipse Pack,759101,2017.0
Adventure,Disney's The Lion King,561120,1994.0
Design &amp; Illustration,PD Howler 9.6 Digital Painter and Visual FX box,336530,2015.0
Strategy,NOBUNAGA'S AMBITION: Tenshouki WPK HD Version / 信長の野望・天翔記 with パワーアップキット HD Version,370730,2015.0
Action,Copy Kitty,349250,2016.0
Simulation,FourChords Guitar Karaoke - Seether Song Pack,537268,2016.0
Action,Cloudbuilt - Through the Fog,307550,2014.0
Indie,Rebound,517190,2016.0
Indie,An Octonaut Odyssey,566320,2017.0
Simulation,Shattered Steel,624060,1996.0
Indie,The Cat and the Coup,95700,2011.0
Casual,FourChords Guitar Karaoke - James Blunt Song Pack,537157,2016.0
Casual,Star Vikings Forever - Soundtrack,538860,2016.0
Action,Ys I & II Chronicles+,223810,2013.0
Indie,Episode 23 - Snow White,261412,2014.0
Massively Multiplayer,Manygolf,635810,2017.0
Utilities,ePic Character Generator - Season #2: Female Fae,488991,2016.0
Adventure,Oblitus,306440,2015.0
Indie,Fantasy Grounds - Village Backdrop : Longbridge (5E),711220,2017.0
Casual,2 Planets Fire and Ice,657110,2017.0
Education,Family Tree Heritage™ Platinum 15 –  Mac,644300,2017.0
Strategy,Free Towns,602180,2017.0
Action,Fieldrunners 2,215710,2013.0
Strategy,Battle Battalions,399660,2015.0
Indie,The Mystery Room,727060,2017.0
Adventure,Etherlords II,270790,2003.0
Action,Cross of the Dutchman - Soundtrack,401380,2015.0
Adventure,DROD: Smitemaster's Selection Expansions 11+12,422201,2016.0
Early Access,No Way Out,572010,2017.0
Casual,Boneless Zombie,383700,2015.0
Indie,Fantasy Grounds - Sci-fi Skin (Savage Worlds),673120,2017.0
Animation &amp; Modeling,Dream Frontiers Environment Pack,647620,2017.0
Action,Ys VIII: Lacrimosa of DANA - Adol’s Adventure Essentials DLC / アドルの冒険必携セット,677690,2017.0
Early Access,Solar Lander,724170,2017.0
Free to Play,HIS - [A6M5] Sakai Saburo Zero Pack,356120,2015.0
Simulation,Train Simulator: Grand Central Class 180 'Adelante' DMU Add-On,277763,2015.0
Massively Multiplayer,My Lands: Hero Courage - Starter DLC Pack,313310,2014.0
Indie,Derpl Zork - Awesomenauts Character,561536,2017.0
Simulation,Star Conflict: Fleet Strength - Mauler,397125,2015.0
Strategy,Pixel Puzzles Ultimate - Puzzle Pack: Urban Decay,591501,2017.0
Strategy,Haque,662540,2017.0
Racing,Matt DiBenedetto Spotter Audio,538350,2016.0
Photo Editing,ePic Character Generator - Season #2: Female Drow Spellcaster,409241,2015.0
Action,Knights of the Sky,347270,1990.0
Indie,Skree - Awesomenauts Character,561550,2017.0
Action,PAC-MAN™ Championship Edition DX+,236450,2013.0
Indie,Kimmy,600660,2017.0
Indie,New York Kennedy [KJFK] airport for Tower!3D Pro,607830,2017.0
Casual,Puzzle Bloc Invasion,653100,2017.0
Indie,Memory's Dogma CODE:01,386970,2016.0
Indie,FEZ Original Soundtrack,224763,2013.0
Strategy,My Lands: Miner’s Luck - Extended DLC Pack,316510,2014.0
Adventure,Spiral Knights: Guardians Armor Pack,206522,2012.0
Action,Incandescent,380550,2015.0
Action,Gem Wars: Attack of the Jiblets,370590,2015.0
Action,Slice the Ice,750740,2017.0
Indie,Talisman - Character Pack #13 - Goblin Shaman,267786,2015.0
Action,Armored Warfare - T-72AV Standard Pack,753460,2017.0
Sports,Streamline Original Sound Track,529200,2016.0
Casual,Castaway Home Designer,656560,2017.0
Action,Photon Flux,632580,2017.0
Casual,The Witch's Yarn,287740,2014.0
Casual,Mabinogi - Spiritual Healing Package,212210,2013.0
Simulation,Rocksmith® 2014 Edition – Remastered – Jefferson Airplane - “Somebody To Love”,509695,2017.0
Adventure,Sherlock Holmes Consulting Detective: The Case of the Tin Soldier,376780,2015.0
Adventure,The Last Mission,691810,2018.0
Racing,VRC PRO Branded cars and components Deluxe,574670,2017.0
Simulation,Rocksmith - Twisted Sister - We're Not Gonna Take It,206164,2012.0
Action,EvilMorph,562490,2017.0
Action,Tiny Toyfare,659630,2017.0
Strategy,Heroes of Normandie: US Rangers,421100,2015.0
Action,Vickinachi,652550,2017.0
Strategy,Beholder,475550,2016.0
Adventure,Tell a Demon - Soundtrack & Bonus Material,679340,2017.0
Casual,Bejeweled 2 Deluxe,3300,2006.0
Simulation,Rocksmith - Blue Oyster Cult Song Pack,222138,2013.0
Early Access,Earthfall,415590,2017.0
Indie,Vaporum,629690,2017.0
Strategy,Fantasy Grounds - White Dragons (Token Pack),620970,2017.0
Indie,Cyber Team Manager,415080,2016.0
RPG,Cosmic Star Heroine,256460,2017.0
Simulation,Rocksmith® 2014 Edition – Remastered – blink-182 Song Pack II,509704,2017.0
Indie,The Hole Story Soundtrack,357970,2015.0
Strategy,SpellForce 2 - Faith in Destiny Scenario 3: The Last Stand,226390,2013.0
Strategy,Legends Of Iona RPG,668730,2017.0
Indie,Fantasy Grounds - Deadlands Reloaded: Blood Drive 2,324590,2014.0
Simulation,Amerikanische Stadthäuser,371490,2015.0
Casual,Plandzz,681910,2017.0
Adventure,Assassin’s Creed® IV Black Flag™ - Death Vessel Pack,260473,2013.0
Strategy,Worms Reloaded: Retro Pack,22634,2011.0
Sports,MXGP2 - The Official Motocross Videogame Compact,504810,2016.0
Sports,Death Stair,444880,2016.0
Adventure,Shattered God DEMO,662850,2017.0
Action,Fallen Earth - Survivalist Package,113404,2012.0
Indie,Little Diggel,580960,2017.0
Massively Multiplayer,Hero Battle,463000,2016.0
Simulation,Train Simulator: SW1500 Switcher Loco Add-On,208367,2012.0
Adventure,CAFE 0 ~The Drowned Mermaid~ - Japanese Voice Add-On,336460,2015.0
Indie,BrotherZ,588070,2017.0
RPG,Fantasy Grounds - The Folio: The Complete Roslof Keep Campaign (5E),651630,2017.0
Free to Play,拯救大魔王2 Rescue the Great Demon 2,554640,2016.0
Indie,Eschalon: Book III,257870,2014.0
Simulation,Car Mechanic Simulator 2015 - Total Modifications,361840,2017.0
Adventure,BLACKHOLE Demo,395510,2015.0
Indie,Bloody Trapland,257750,2013.0
Simulation,Crash Test Billy,676550,2017.0
RPG,"Axe, Bow & Staff",432230,2016.0
Indie,Avadon 2: The Corruption,233310,2013.0
RPG,Amazing World™,293500,2014.0
Indie,Fantasy Grounds - Mini-Dungeon #022: Pleasure Den (PFRPG),593450,2017.0
Adventure,Abandoned: Chestnut Lodge Asylum,397970,2012.0
Indie,Hegemony Rome: The Rise of Caesar - Mercenaries Pack,308171,2014.0
Casual,Existence speed,537280,2016.0
Action,The Bureau: XCOM Declassified - Light Plasma Pistol,66001,2013.0
Casual,Zaccaria Pinball - Space Shuttle 2016 Table,570120,2016.0
Sports,Rugby League Team Manager 2018,636460,2017.0
Massively Multiplayer,RIFT - Mummified Power Pack,724840,2017.0
Action,Lex Mortis,348450,2015.0
Adventure,Asdivine Hearts,406110,2016.0
Indie,Winged Sakura: Endless Dream - Art Collection,721880,2017.0
Sports,Epic Mayhem,612430,2017.0
Casual,Rocksmith® 2014 – 311 - “Beautiful Disaster”,294906,2014.0
Indie,Happy Santa,746490,2017.0
Action,"Warhammer 40,000: Space Marine",55150,2011.0
Casual,Pinkman,516480,2017.0
Casual,Atlantis Sky Patrol,51030,2006.0
Action,Mytheon - Egypt Pack,429810,2016.0
Simulation,Influent DLC - Français [Learn French],286963,2014.0
Indie,Dungeons of Dredmor: Realm of the Diggle Gods,98820,2011.0
Simulation,FSX: Steam Edition - Skychaser Add-On,379564,2015.0
Action,Domino Dungeon,718140,2017.0
Casual,Le Havre: The Inland Port,511820,2016.0
Massively Multiplayer,Angeldust,488440,2016.0
Indie,Redrum: Dead Diary,541720,2016.0
Indie,Project Rhombus,735570,2017.0
Casual,Imperi,749710,2017.0
Adventure,The Escapists - Fhurst Peak Correctional Facility,349310,2015.0
Indie,Stained,302870,2014.0
Simulation,Pure Hold'em - 100% Hemp Card Deck,438960,2017.0
Simulation,Zoo Park,307760,2014.0
Adventure,House of Hell,419810,2016.0
Massively Multiplayer,Ragnarok Online 2 - Trendsetter Fashionista's Pack,239380,2013.0
Action,The Pirate: Caribbean Hunt,512470,2016.0
Free to Play,Warface - Crysis Female Nanosuit Pack,616840,2017.0
Action,Mr.President!,507010,2016.0
Adventure,The Last Cargo,593560,2017.0
Sports,MXGP3 - Additional Tracks,607250,2017.0
Action,Battle of Empires: 1914-1918 - Battle of Cambrai,396440,2015.0
RPG,Fantasy Grounds - Mini-Dungeon #030: The Burning Tree of Coilltean Grove (5E),614780,2017.0
Indie,Binding of Isaac: Wrath of the Lamb,113204,2012.0
Simulation,Rocksmith® 2014 – Bush Song Pack,342811,2015.0
Indie,Golem Creation Kit Soundtrack,699520,2017.0
Simulation,Evolvation,510840,2017.0
Adventure,In Verbis Virtus,242840,2015.0
Casual,D Series OFF ROAD Driving Simulation,363430,2015.0
Action,LOG the game,645470,2017.0
Casual,AVSEQ,207670,2012.0
Adventure,Evadine (Character for Occult preRaise),741280,2017.0
Simulation,Ashes of the Singularity: Escalation - Oblivion DLC,520645,2017.0
Indie,Majestic Trials,638060,2017.0
Casual,Drums Hero PC,644610,2017.0
Strategy,Puzzler World 2,200130,2011.0
Indie,Glowing Sokoban,665230,2017.0
Strategy,Pixel Puzzles Ultimate - Puzzle Pack: Volcanoes,591491,2017.0
Software Training,S2ENGINE HD - Medieval Town Pack,500890,2016.0
RPG,South Park™: The Stick of Truth™ - Super Samurai Spaceman Pack,257371,2014.0
Adventure,The Turing Test - Upgrade Pack,508340,2016.0
Casual,a Family of Grave Diggers,383020,2016.0
Action,AquaNimble - Soundtrack,527410,2016.0
Adventure,Cannibal,350800,2015.0
Simulation,Call to Arms,302670,2016.0
Casual,Rocksmith - Pantera 3-Song Pack,222057,2012.0
Action,Grand Theft Auto V - Criminal Enterprise Starter Pack,771300,2017.0
RPG,PAYDAY 2: The Golden Grin Casino Heist,374300,2015.0
Action,Cosmic Trip - Digital Art Book,640401,2017.0
Early Access,TileDynasty FPS Arena,524350,2018.0
Adventure,The Great Fusion,341690,2015.0
Adventure,Tales of the Elements FC,540640,2016.0
Strategy,Geared,341770,2015.0
Adventure,The Journey Down: Chapter Two,262850,2014.0
Indie,Fantasy Grounds - One on One Adventures #14: A Sickness in Silverton (PFRPG),547020,2016.0
Adventure,Sam & Max 204: Chariots of the Dogs,8290,2008.0
Indie,War for the Overworld - Underlord Edition Upgrade,239391,2015.0
RPG,Borderlands: Claptrap's Robot Revolution,65920,2010.0
Indie,Eliza (Character for Occult RERaise),698350,2017.0
Racing,Draw Rider,448610,2016.0
Action,Chromalocity,718250,2018.0
Casual,Rollout,509190,2016.0
RPG,Dying Light,239140,2015.0
Casual,HIS - Starter Pack,354940,2015.0
Casual,Puzzle Box - Soundtrack OST,464860,2016.0
Simulation,Graviteam Tactics: Drive on Voronezh,540820,2016.0
Adventure,Luckless Seven,433370,
Action,Princess.Loot.Pixel.Again x2,718090,2017.0
Action,Glass Wing,382570,2015.0
Adventure,Ahnayro - Original Soundtrack,572780,2017.0
Indie,RunGunJumpGun - Soundtrack/Special Edition Upgrade,523840,2016.0
Action,Combat Monsters,336040,2015.0
Adventure,Kimulator : Fight for your destiny,475430,2016.0
Casual,Zaccaria Pinball - Magic Castle Table,478040,2016.0
Action,Thief Town,331220,2014.0
Strategy,Fantasy Grounds - Mythic Monster #7: Inner Planes (PFRPG),731780,2017.0
Adventure,No Time to Explain OST,681560,2017.0
Casual,Zaccaria Pinball - Cine Star Table,485143,2016.0
Design &amp; Illustration,SMILE GAME BUILDER A Healer Only Lives Twice Character Resource Pack,649690,2017.0
Action,emoj.io - Faces #2 Pack,538534,2016.0
Strategy,Fantasy Grounds - A08: Search For The Tri-Stone (PFRPG),504870,2016.0
Adventure,Affliction Roleplaying Game DLC,646900,2017.0
Early Access,Puzzle Sisters Foer,710190,
Casual,MiniBotz,508520,2017.0
Action,Super Dungeon Bros - Soundtrack Bundle 1,468140,2016.0
Racing,Gas Guzzlers Extreme,243800,2013.0
Adventure,ANKI,395380,2015.0
Action,Universe in Fire,604570,2017.0
Indie,Abducted,299580,2017.0
Early Access,Jet Racing Extreme,385270,2015.0
Design &amp; Illustration,RPG Maker MV - Animations Collection I: Quintessence,542490,2016.0
Casual,The Amazing Adventures of Ash - Afterparty,437170,2016.0
RPG,Magicka: The Ninth Element Novel,266740,2013.0
Early Access,Agents of Aggro City Online,658420,2017.0
Utilities,Rytmik Cloud Expansion,697380,2017.0
Early Access,The Nightmare from Beyond,684340,2017.0
Action,Tactics: Bludgeons Blessing,517500,2017.0
Indie,My Lands: Black Gem Hunting,290730,2014.0
RPG,Konung 3: Ties of the Dynasty,289380,2010.0
Casual,The Chronicles of Dragon Wing - Original Soundtrack,675600,2017.0
Indie,SuperLuminauts,670080,2017.0
Action,Half-Life 2,220,2004.0
Action,Depth - Quill Goblin Skin,728600,2017.0
Casual,Official Guide - Millennium 3,357080,2010.0
Indie,Hide and Seek - Halo,693606,2017.0
Indie,Action Legion,431630,2016.0
Action,DEAD RISING®,427190,2016.0
Indie,One More Night: BiO Clinic,735650,2017.0
Indie,"Super Army of Tentacles 3, Charity Quest Pack: NAZIS ARE STUPID AND DUMB",698130,2017.0
Casual,GOCCO OF WAR Demo,427720,2016.0
Simulation,Rocksmith® 2014 Edition – Remastered – Steve Miller Band - “The Joker”,637797,2017.0
Indie,Outbreak: The New Nightmare,644480,2017.0
Action,Quantum Rush Champions,317440,2014.0
Strategy,Nightclub Emporium,389690,2015.0
Indie,Fantasy Grounds - Token Pack 95: Humanoid Monsters 2 (Token Pack),728000,2017.0
RPG,Crimson Sword Saga: The Peloran Wars,497560,2017.0
Action,Jotun: Original Soundtrack,406470,2015.0
Indie,BATTLE PIXEL'S SURVIVAL GROUND,474790,2016.0
Early Access,AWAKE,421110,2015.0
Indie,The Last Tree,605210,2017.0
Design &amp; Illustration,RPG Maker VX Ace - Tyler Warren First 50 Battler Pack,271961,2014.0
Sports,The Last Sanctuary VR,641940,2017.0
Casual,European Mystery: Scent of Desire Collector’s Edition,580480,2017.0
Indie,Awesomenauts - Electronic Supersonic Cybertronic Rocco Skin,387980,2015.0
Simulation,Rocksmith® 2014 – Slayer - “Raining Blood”,342836,2015.0
Adventure,Invictus: In the Shadow of Olympus,692660,2000.0
Simulation,Womb Room,426010,2016.0
Simulation,The Long Journey Home - Official Soundtrack,648710,2017.0
Indie,Undead Overlord,291370,2014.0
Indie,Depth - Quill Goblin Skin,728600,2017.0
Action,Planet R-12,408110,2016.0
Indie,Kuro survival,632200,2017.0
Adventure,Lucent Heart,283060,2016.0
Sports,Pixel Puzzles Ultimate - Puzzle Pack: Thailand,509900,2016.0
Action,Wild Buster: Heroes of Titan - MMO-ARPG,681860,2017.0
Adventure,LOOM™,32340,1990.0
RPG,Gurumin: A Monstrous Adventure,322290,2015.0
Strategy,Commando Jack,299260,2014.0
Indie,Sentinels of the Multiverse - Soundtrack (Volume 3),396510,2015.0
Action,The Sun and Moon,321560,2014.0
Indie,Tank Universal,19200,2008.0
Action,Sherlock Holmes: The Devil's Daughter Costume Pack,459460,2016.0
Indie,AI War: Destroyer of Worlds,317150,2014.0
Indie,Santa Rockstar OST,568710,2016.0
Action,Injustice™ 2 - Starfire,704810,2017.0
Action,Tom's Mansion,748660,2017.0
Simulation,Bomb Squad Academy,591380,2017.0
Action,Dinosaur Hunt - Carnotaurus Expansion Pack,408101,2015.0
Action,Dark Matter,345130,2015.0
Adventure,Rolling Sun,371670,2015.0
Indie,Hex: Origins,695420,2017.0
Action,Tower Fortress,593700,2017.0
Sports,Rocket League® – Fast & Furious™ '99 Nissan Skyline GT-R R34,675290,2017.0
Simulation,Train Simulator: BR Class 31 Loco Add-On,222583,2013.0
Indie,Monument,376730,2015.0
Indie,"Fire in the Goal ""轰个球""",535160,2016.0
Adventure,Teddy Terror,366060,2015.0
Strategy,Lines Halloween by Nestor Yavorskyy,725000,2017.0
Indie,Meadowland,320120,2014.0
Indie,Lone Survivor: The Director's Cut,209830,2012.0
RPG,You Must Build A Boat,290890,2015.0
Indie,Survivor of Eschewal,738260,2017.0
Adventure,Fabulous - Angela's Fashion Fever,540060,2016.0
Indie,Behind the Memory,568340,2016.0
Casual,Elsword,237310,2014.0
Action,Marvel vs. Capcom: Infinite - Firebrand Ultimate Costume,721142,2017.0
Strategy,Fantasy Kingdom Simulator,482890,2016.0
Indie,World to the West - A Motorland Tale Comic Book,646800,2017.0
RPG,Zanzarah: The Hidden Portal,384570,2015.0
Simulation,The Eerie Adventures Of Kally,753390,2017.0
Adventure,Sam & Max: The Devil’s Playhouse,901399,2010.0
Indie,PRICE,465520,2016.0
RPG,Golden Rush - Rare Artifacts pack,400820,2015.0
RPG,Portal Knights,374040,2017.0
RPG,Children of Zodiarcs,436290,2017.0
Adventure,Alexander (Character for Occult Raise),670590,2017.0
Adventure,99 Spirits,258090,2013.0
Animation &amp; Modeling,Nvil,592350,2017.0
Adventure,Horror in the Asylum,428210,2016.0
Action,Anarcute,390720,2016.0
Early Access,Anonymous ME,658630,2017.0
Action,BossConstructor,330100,2016.0
Adventure,Edge of Hearts,635000,2017.0
Casual,Rocksmith® 2014 – The White Stripes Song Pack,295029,2014.0
Action,Neon Chrome,428750,2016.0
Indie,Jump Gunners Original Soundtrack,775210,2017.0
Indie,The Grimsworth Reports: Woodfall,737980,2017.0
Adventure,A Vampyre Story,313870,2008.0
Indie,Voices from the Sea,348620,2014.0
Simulation,Anno 2205™ - Season Pass,416480,2015.0
Adventure,Hellblade: Senua's Sacrifice,414340,2017.0
Adventure,Police Quest™ Collection,494740,1987.0
Casual,"Linea, the Game - Broken Chiptunes",453330,2016.0
Strategy,Out of the Park Baseball 17,402430,2016.0
Action,Of Kings And Men,430440,2016.0
RPG,"Fantasy Grounds - Gaming #7: Constructs, Elementals, & Fey (Token Pack)",667370,2017.0
Action,Desperate Times,513920,2016.0
Adventure,Home Darkness - Escape,761640,2017.0
Indie,This World Unknown,521540,2016.0
Adventure,Disney Planes,286880,2013.0
Simulation,Particle Fleet: Emergence,422900,2016.0
Indie,Stephen's Sausage Roll,353540,2016.0
Indie,Fantasy Grounds - Token Pack 96: Orcs (Token Pack),728060,2017.0
Adventure,Mystic Destinies: Serendipity of Aeons - Tatsuya Epilogue,483790,2016.0
Indie,CRIMSON ROOM® DECADE,262510,2016.0
Indie,Victory: The Age of Racing,264120,2016.0
Casual,ColecoVision Flashback,529860,2014.0
Indie,Triangulate,665060,2017.0
Education,BASIC8,767240,2018.0
RPG,Spellcrafter,315680,2015.0
Strategy,Awesomenauts - Expendable Clunk Skin,204312,2012.0
Strategy,Cavern of Time,578830,2017.0
Casual,Sponchies,593670,2017.0
Simulation,Pixel Privateers - Official Soundtrack,596110,2017.0
Action,NARUTO SHIPPUDEN: Ultimate Ninja STORM Revolution - DLC9 Variety Pack 3,316060,2014.0
Action,GundeadliGne,92220,2011.0
Action,Izeriya,463830,2016.0
Education,Palm Reading Premium,724460,2016.0
RPG,South Park™: The Fractured But Whole™ - Season Pass,564794,2017.0
Adventure,Original soundtrack of Koi Musubi,605030,2017.0
RPG,Shadowrun 5th Edition Rules pdf,377730,2015.0
Action,Arma 2: Army of the Czech Republic,33934,2012.0
Indie,Hunters Of The Dead,318570,2014.0
Indie,Snail Trek - Chapter 1: Intershellar,751280,2017.0
Indie,Déjà Vu II: MacVenture Series,343830,2015.0
Early Access,LINX BATTLE ARENA,697370,2017.0
Sports,"DvDrum, Ultimate Drum Simulator!",385130,2017.0
RPG,Heathen Engineering's Terran,427970,2016.0
Adventure,Sleeping Dogs: Square Enix Character Pack,216331,2012.0
Adventure,DreadOut Soundtrack & Manga DLC,298680,2014.0
Sports,Pixel Puzzles Ultimate - Puzzle Pack: Medieval,591495,2017.0
Adventure,Champions of Odin,479200,2017.0
Indie,Kero Blaster,292500,2015.0
Strategy,Making History: The Second World War,462940,2017.0
Simulation,Rocksmith® 2014 – Soundgarden - “Fell On Black Days”,295096,2015.0
Casual,Sea of Lies: Nemesis Collector's Edition,638250,2017.0
Strategy,Lethal Laser,669390,2017.0
Adventure,Monochroma,265830,2014.0
Simulation,GearCity,285110,2014.0
Indie,XenoShyft - The Hive Expansion,429872,2016.0
Indie,Achievement Hunter: Overdose,674110,2017.0
RPG,Interstellaria,280360,2015.0
Action,Portal Stories: Mel,317400,2015.0
Indie,BackSlash,668280,2017.0
Simulation,Rocksmith® 2014 – Tom Petty and the Heartbreakers - “Learning to Fly”,295045,2014.0
Adventure,Parallyzed,545670,2017.0
Free to Play,Warframe: Mirage Prime Access,759110,2017.0
Early Access,Undead Souls,667170,2017.0
Adventure,Battle of Frigates,711320,2017.0
Racing,Death Stair,444880,2016.0
Strategy,Twilight Struggle,406290,2016.0
Casual,emoj.io - Animal Pack,538533,2016.0
Action,Concursion,303340,2014.0
Action,Quadrilateral Cowboy,240440,2016.0
Casual,DEATHS MAZE,706400,2017.0
Strategy,Epic Arena - Uniform Colors Pack,375590,2015.0
Action,Gulf of Aden - Task Force Somalia,407100,2015.0
Adventure,Grand Theft Auto IV: Complete Edition,901583,2010.0
Simulation,Rocksmith® 2014 Edition – Remastered – Elton John - “Saturday Night’s Alright (For Fighting)”,637763,2017.0
Sports,Football Tactics Demo,375890,2015.0
Adventure,Replay - VHS is not dead,333490,2015.0
Simulation,Train Simulator: LNER Peppercorn Class A2 'Blue Peter' Loco Add-On,277771,2015.0
Sports,Cosmic Kites,606720,2017.0
Indie,Talisman - The Reaper Expansion Pack,258810,2014.0
Action,Snail Bob 2: Tiny Troubles,349760,2015.0
Adventure,MagiCat Original Soundtrack,658900,2018.0
Action,Watch_Dogs™ - Season Pass,293054,2014.0
Action,Absolute Drift,320140,2015.0
Indie,VS Round 1,725550,2017.0
Action,Falcom® Mashup Set,382870,2015.0
Adventure,Lovely Planet Arcade,436000,2016.0
Strategy,ROKH,462440,2017.0
Action,DC Universe Online™ - Episode Pack I,361181,2015.0
Indie,Hexodius,236490,2013.0
Indie,Alien Planet,740450,2017.0
Action,Fresh Body - The Secret,764340,2017.0
Casual,Super Bomb Rush! - Official Soundtrack,432580,2016.0
Indie,Not The Robots,257120,2013.0
Indie,Get Over Here,393950,2015.0
Indie,Princess Edge - Dragonstone,444190,2016.0
RPG,Fantasy Grounds - Pixies on Parade (5E),706590,2017.0
Simulation,Escapists 2 - Glorious Regime Prison,666350,2017.0
Action,The Return Home,502910,2016.0
Action,Shiness: The Lightning Kingdom - Maherian Language Pack,585640,2017.0
Strategy,Bird of Light,447010,2016.0
Action,Sniper Ghost Warrior 3 - The Escape of Lydia,495950,2017.0
Casual,Cyber City 2157: The Visual Novel,454690,2016.0
Design &amp; Illustration,RPG Maker VX Ace - Inspirational Vol. 1,265460,2013.0
Adventure,Undefeated - Deluxe Contents,394080,2015.0
Indie,Frozen Cortex - Soundtrack DLC,283811,2015.0
Indie,Recruits,246880,2014.0
Indie,SpaceShot,675940,2017.0
Casual,Escape Rosecliff Island,3600,2009.0
Design &amp; Illustration,RPG Maker MV - Epic Strings,525284,2016.0
Indie,Chicken Invaders 5,353090,2015.0
Indie,Deathless: The City's Thirst,410910,2015.0
Indie,FREE China Theme Pack,370880,2015.0
Simulation,The Sims™ 3 Showtime,47932,2012.0
Indie,Skulls of the Shogun,228960,2013.0
Sports,RUGBY 18,627450,2017.0
RPG,Fantasy Grounds - Rippers Companion (Savage Worlds),545310,2016.0
Indie,Screeps CPU Subscription,491760,2016.0
Indie,Katharsis,675730,2017.0
Strategy,Locoland Demo,372180,2003.0
Casual,Rocksmith® 2014 – Dream Theater - “Metropolis Part I: “The Miracle and the Sleeper””,492983,2016.0
Action,After The End: The Harvest,386140,2017.0
Strategy,Hyperdevotion Noire: Ultimate Estelle Set,426927,2016.0
Strategy,Pixel Puzzles 2: RADical ROACH,504880,2016.0
Indie,Red Crucible®: Firestorm,298240,2015.0
Action,Son of Scoregasm,631490,2017.0
Adventure,Metal as Phuk,662210,2017.0
Indie,Necromancer Accountant,696160,2017.0
Adventure,VIRUS OF SURVIVORS:LIFE SIMULATOR,709020,2017.0
Adventure,Agarest 2 - Bundle #2,343421,2015.0
Strategy,Anomaly 2,236730,2013.0
Education,Driver Fusion Premium,234820,2017.0
RPG,Choice of the Cat,715440,2017.0
Simulation,FSX Steam Edition: Cessna 182 Skylane RG II Add-On,500235,2017.0
Indie,Bumper New Graphics,542300,2016.0
Strategy,MetaMorph: Dungeon Creatures,606870,2017.0
Free to Play,Electric Highways,412140,2015.0
Racing,VRC PRO Deluxe Carpet tracks,574676,2017.0
Simulation,侠客风云传(Tale of Wuxia),377530,2016.0
Design &amp; Illustration,Leadwerks Game Engine - The Zone,430061,2017.0
Adventure,Knytt Underground,248190,2013.0
Adventure,LEGO® Worlds: Classic Space Pack,641000,2017.0
Early Access,Pterodalien,741080,2017.0
Action,Black Desert Online - Limited Package,730630,2017.0
Strategy,Eight-Minute Empire: Starfall Crater Map,702414,2017.0
Indie,VRC PRO Deluxe Cars pack,344060,2015.0
Adventure,The Last Door Season 2 Soundtrack,455740,2016.0
Action,Shadow Heroes: Vengeance In Flames,398670,2016.0
Adventure,Luke Sidewalker,545860,2016.0
Racing,Project CARS - Aston Martin Track Expansion,334781,2015.0
RPG,Fantasy Grounds - Codex Infernus: The Savage Guide to Hell (Savage Worlds),609730,2017.0
Indie,Pixel Survivors,342970,2016.0
Indie,Half Minute Hero: The Second Coming,240970,2014.0
Action,GTA Online: Shark Cash Cards,376850,2015.0
Adventure,Monster Loves You!,226740,2013.0
Free to Play,Towards The Pantheon: Escaping Eternity,709450,2017.0
Indie,Bierzerkers,348460,2016.0
Indie,Once in Yaissor 2,767500,2017.0
Indie,Super Turbo Demon Busters!,262810,2017.0
Casual,Heavy Weapon Deluxe,3410,2006.0
Adventure,Clockwork,509210,2016.0
Indie,Mega Coin Squad,312510,2014.0
Adventure,Stigmat,403570,2015.0
Simulation,The Game of Gnomes,277754,2014.0
Action,Choice,648550,2017.0
Action,White Pearl,761280,2017.0
Simulation,Brigade E5: New Jagged Union,296210,2006.0
Casual,Simulator hipstera 2k17,699450,2017.0
Adventure,Feral Fury,542660,2017.0
Action,Doorways: The Underworld - Movies,526562,2016.0
Strategy,Romance of the Three Kingdoms Ⅱ / 三國志Ⅱ,521690,2017.0
RPG,8BitMMO Steam Founder's Pack Deluxe,270871,2015.0
Casual,Can you eat by yourself,761720,2017.0
Action,Tank Battle Mania,661090,2017.0
Casual,INWAY,713950,2017.0
Strategy,Total War: ATTILA - Blood & Burning,335030,2015.0
Indie,ZHUST - THE ILLUSION SOUL,649670,2017.0
RPG,Towards The Pantheon: Escaping Eternity,709450,2017.0
Action,Wonky Ship - Master of Coin,756121,2017.0
RPG,Battlegrounds of Eldhelm,329020,2014.0
Adventure,Halloween Mysteries,547090,2016.0
Casual,Square n Fair,575680,2017.0
Strategy,Villagers,412460,2016.0
Indie,Quadrant - Official Soundtrack,500770,2016.0
Adventure,Tomb Raider II,225300,2012.0
Casual,AdVenture Communist,462930,2016.0
Sports,Rocket League®  - The Fate of the Furious™ Ice Charger,457192,2017.0
Indie,36 Fragments of Midnight,679930,2017.0
Indie,Solar Lander,724170,2017.0
Action,Shrouded in Sanity - Original Soundtrack,491640,2016.0
Video Production,Audials One Suite 2016,405470,2015.0
Action,Orcs Must Die! Unchained - Starter Bundle,617040,2017.0
Casual,Jam Studio VR - Disney Camp Rock Bundle,729250,2017.0
Indie,Time Ramesside (A New Reckoning),290650,2015.0
Action,Firefighting Simulator,420560,2018.0
Action,Spaceforce Homeworld,278850,2014.0
Adventure,ASTA : ASTA Server,617720,2017.0
Indie,Wild Warfare - Steam Starter Kit,315120,2014.0
Software Training,CopperCube 5 Game Engine,364970,2015.0
Indie,Rescue Bear Operation - Red Plaid Shirt,523581,2016.0
Casual,The Worm,405070,2015.0
Adventure,Lost Lands: A Hidden Object Adventure,392950,2015.0
Strategy,The Masterplan - Soundtrack,376320,2015.0
Indie,Future Unfolding,539340,2017.0
Casual,War Cube,527800,2016.0
Simulation,Draft Day Sports: Pro Basketball 2017,544480,2016.0
Casual,Nom Nom Galaxy Original Soundtrack,410760,2016.0
Simulation,Rocksmith® 2014 – Three Days Grace - “Riot”,342756,2015.0
Adventure,Lantern of Worlds - The Story of Samir,742320,2017.0
RPG,عالم أريب,395960,2015.0
Indie,Double Dragon: Neon,252350,2014.0
Casual,I want cookies,760870,2017.0
Casual,Pick a Hero,485620,2016.0
Simulation,Don't Starve Soundtrack,219750,2013.0
Action,Victor Vran: Highlander's Outfit,397910,2015.0
Strategy,RideOp - Thrill Ride Simulator,699770,2017.0
Strategy,Fantasy Grounds - Mini-Dungeon #017: Shadows of Madness (5E),555740,2016.0
Strategy,Spectromancer - Truth & Beauty,22520,2011.0
Web Publishing,Multiplicity,620040,2017.0
Simulation,Carrier Deck,580720,2017.0
Adventure,Bot Vice,491040,2016.0
Action,Sniper Elite 3 Season Pass,308310,2014.0
Action,Street Fighter X Tekken: Gems Assist 3,210095,2013.0
RPG,Torchlight II,200710,2012.0
Casual,Hearing,682730,2017.0
Design &amp; Illustration,Visual Novel Engine,665040,2017.0
Adventure,Sky to Fly: Soulless Leviathan,457810,2016.0
Adventure,Your Smile Beyond Twilight:黄昏下的月台上,653950,2017.0
Indie,Bob Came in Pieces,46000,2010.0
Utilities,Audials Tunebite 12 - Upgrade to Audials One Suite,393720,2015.0
Indie,The Rivers of Alice - Extended Version,411590,2015.0
Indie,Wind Child,397090,2016.0
Strategy,FleetCOMM - Original Soundtrack,376860,2016.0
Adventure,Agarest 2 - Bundle #4,343422,2015.0
RPG,WildStar: Legend Pack (NA),459362,2016.0
Action,Element4l,235820,2013.0
Casual,Abrix the robot - bonus soundtrack DLC,465340,2016.0
Adventure,Plumber 3D,650690,2017.0
Indie,Chip's Challenge 2: Editor,356630,2015.0
Strategy,Zeke (Character for Occult RERaise),698357,2017.0
Action,Inexistence,444720,2016.0
Strategy,Super 123,711700,
Casual,FourChords Guitar Karaoke - EDM Essentials II,563283,2016.0
RPG,WORLD OF FINAL FANTASY®,552700,2017.0
Strategy,Krater - Character DLC Mayhem MK13,204734,2012.0
RPG,Fantasy Grounds - Blue Dragons (Token Pack),620780,2017.0
Indie,Chronoclysm,368690,2015.0
Strategy,HIS - Blueprint Pack,353930,2015.0
Action,Friday the 13th: The Game,438740,2017.0
RPG,Arevan - Official Guide,386130,2015.0
Simulation,"Rocksmith® 2014 Edition – Remastered – Bob Marley & The Wailers - “No Woman, No Cry”",590196,2017.0
Free to Play,ArcheAge - Erenor Eternal Starter Pack,647860,2017.0
Adventure,Rescue Bear Operation - Lucha Libre Mask,523580,2016.0
Simulation,BNSF Wagon Pack Add-On,275138,2015.0
Adventure,Vaporum,629690,2017.0
Indie,Breaking Bones,560570,2016.0
Action,Magicka: Wizards of the Square Tablet,247580,2013.0
Action,"DEAD OR ALIVE 5 Last Round: Core Fighters Add ""DEAD OR ALIVE 2 Music""",533558,2016.0
Casual,Insanity's Blade,334190,2014.0
Adventure,Batman Arkham City: Harley Quinn's Revenge,200891,2012.0
Adventure,Darkness and a Crowd,659780,2018.0
Action,POP: Methodology Experiment One,305800,2012.0
Strategy,Астролорды: Опытный наставник,485190,2016.0
Adventure,Spoiler Alert,283230,2014.0
Casual,Wild Wolf,749540,2017.0
Design &amp; Illustration,imos LOFT,714270,2017.0
Web Publishing,CopperCube - Professional Edition,366190,2015.0
Strategy,Fantasy Grounds - D&D The Tortle Package,727080,2017.0
Adventure,Broforce: The Soundtrack,410790,2015.0
Simulation,Chess Ultra: Pantheon game pack,638010,2017.0
Indie,Rebel Galaxy,290300,2015.0
Action,Sam & Max 104: Abe Lincoln Must Die!,8230,2007.0
RPG,Fantasy Grounds - Online Gaming #10: Plants & Vermin (Token Pack),647350,2017.0
Indie,Knight & Damsel,361680,2015.0
Indie,Outskirts,532900,2017.0
Design &amp; Illustration,Axis Game Factory's AGFPRO - Zombie Survival Pack DLC,361210,2015.0
Free to Play,Zaccaria Pinball - Hot Wheels Table,478036,2016.0
Sports,Fishing Planet: Char Charger's Pack,591971,2017.0
Simulation,Block'hood,416210,2017.0
Adventure,Christmas Santa Troubles,773120,2017.0
Indie,Dungeon Rushers - Pirates Skins Pack,581951,2017.0
RPG,The Legend of Heroes: Trails in the Sky SC,251290,2015.0
Indie,Flat Path,512740,2016.0
Casual,Grav Blazer,657590,2017.0
Simulation,RideOp - Thrill Ride Simulator,699770,2017.0
Indie,Trigonarium,394030,2015.0
Indie,Alexa's Wild Night,457370,2017.0
Action,SW4-II - Animal Set,378477,2015.0
Simulation,MOAI 2: Path to Another World,361950,2015.0
Indie,TY the Tasmanian Tiger 4 - The Soundtrack Collection,400721,2015.0
Indie,Influent DLC - Svenska [Learn Swedish],286965,2014.0
RPG,Star Vikings Forever - Soundtrack,538860,2016.0
Adventure,Void Destroyer - Soundtrack,344490,2015.0
Strategy,The Incredible Baron OST,472750,2016.0
Casual,Vinyl,369030,2016.0
Early Access,Akuto: Mad World,530130,2016.0
Strategy,Crystal Quest Classic,497510,2016.0
Action,Spear of Destiny,9000,1993.0
Indie,Don't Starve Together,322330,2016.0
Massively Multiplayer,Armored Warfare - T-72AV Standard Pack,753460,2017.0
Indie,Space Drifters 2D,377570,2016.0
Strategy,Soccer Manager 2016 VIP,407140,2015.0
RPG,Soundtrack,327270,2014.0
Indie,Subject 13,322970,2015.0
Adventure,Minimancer,734490,2017.0
Indie,The Houchi Play Soundtrack,661870,2017.0
Adventure,Putt-Putt® Travels Through Time,294670,1997.0
Adventure,Tex Murphy: Martian Memorandum,302340,1991.0
Indie,The Walking Vegetables,704840,2017.0
Indie,Dungeons Of Kremlin: Remastered,708800,2017.0
Indie,Project Explore,357650,2017.0
Adventure,Bulb Boy,390290,2015.0
Sports,Eastside Hockey Manager,301120,2015.0
Adventure,Sniper Elite 3 - Save Churchill Part 2: Belly of the Beast,312690,2014.0
Indie,EPOCH,270510,2014.0
Simulation,Rocksmith® 2014 – Imagine Dragons - “Demons”,436586,2016.0
Casual,Official Guide - Vagrant Hearts,392440,2016.0
Free to Play,Robocraft - Spooky Bundle,545090,2016.0
Casual,Full Tilt Poker,426560,2016.0
Indie,Darkest Dungeon®: The Crimson Court,580100,2017.0
Indie,Super Trench Attack! Demo,314390,2014.0
Indie,Ninja Pizza Girl Soundtrack,409430,2015.0
Strategy,Endless Legend™ - Shifters,451050,2016.0
Indie,Unium,357600,2015.0
Action,Pertinence,455110,2016.0
Simulation,Train Simulator: DR BR 86 Loco Add-On,325971,2015.0
Adventure,Nightmares from the Deep: The Cursed Heart,259740,2012.0
Indie,The Bug Butcher Demo,393630,2015.0
Action,Natural Selection 2 - Nocturne Pack,740660,2017.0
Indie,Day of the Trumplings,517060,2016.0
Action,White Day - BlazBlue Collaboration Costume - Ji-Hyeon Seol,687190,2017.0
Racing,GRID Autosport - Road & Track Car Pack,289023,2014.0
Indie,Bastion: Original Soundtrack,107104,2011.0
Indie,Code 9,682280,2017.0
Adventure,Just Cause™ 3 DLC: Sky Fortress Pack,400551,2016.0
Adventure,S.K.I.L.L. - Special Force 2 - Halloween Pack,542830,2016.0
Indie,Blockships,504700,2016.0
Simulation,Automation - The Car Company Tycoon Game,293760,2015.0
Strategy,Fantasy Grounds - A08: Search for the Tri-Stone (5E),718480,2017.0
Indie,Orbt XL,615610,2017.0
RPG,Age of Wonders,61500,2010.0
Action,Space Waver,668970,2017.0
Action,Vulture Strike Soundtrack,764350,2017.0
Casual,Hexoscope Collector's Edition Content,511301,2016.0
Casual,Fantasy ERA,684930,2017.0
Indie,Shrug Island - The Meeting,420170,2018.0
Casual,Rocksmith® 2014 Edition – Remastered – Alice in Chains - “No Excuses”,637802,2017.0
Action,Attack Coin & Madhouse Mode Unlock,530596,2017.0
Casual,Towards The Pantheon: Escaping Eternity,709450,2017.0
Adventure,Super Dungeon Bros - Dubstep Soundtrack,439230,2016.0
Strategy,War for the Overworld - The Cynical Imp (Charity DLC),385120,2017.0
Casual,Rocksmith® 2014 Edition – Remastered – Goldfinger - “99 Red Balloons”,637744,2017.0
Indie,Consortium Soundtrack and Discoveries,298810,2014.0
Strategy,Pick a Hero,485620,2016.0
Casual,Rocksmith® 2014 - The Smashing Pumpkins  - “Cherub Rock”,248750,2013.0
Adventure,Blackbay Asylum,313140,2014.0
Indie,Deep Fear,601980,2017.0
RPG,Prime World - Beginner's Pack,255250,2013.0
Free to Play,Raiders of the Broken Planet - Eternal Soldier Campaign,436180,2017.0
Simulation,FSX: Steam Edition - Cargo Crew Add-On,343959,2015.0
Indie,Alter Ego,664780,1986.0
Indie,Trouble Witches Origin Soundtrack,566260,2016.0
Strategy,Crankies Workshop: Grizzbot Assembly,705420,2017.0
Action,Base Defense,632730,2012.0
Casual,Rocksmith® 2014 – Dropkick Murphys - “I’m Shipping Up to Boston”,342792,2015.0
Strategy,VEGA Conflict - Paladin Pack,745800,2017.0
Action,VectorMan™,34280,2010.0
Casual,Bayla Bunny,489900,2016.0
Adventure,Super Grav,509820,2016.0
Casual,Tabletop Simulator - The Great Dinosaur Rush,610694,2017.0
Casual,Galaxy Girls - Sara Remembers,576615,2017.0
Simulation,"Eat, Sleep, Bet, Repeat",671840,2017.0
Indie,Memories of a Vagabond,307070,2014.0
Indie,BALLOON Saga,644310,2017.0
Casual,FourChords Guitar Karaoke - The Rolling Stones Song Pack,537271,2016.0
Strategy,Nobunaga's Ambition: Souzou WPK - Scenario Shokutokudoumei,344122,2015.0
Adventure,Save Our Souls - Episode I,600550,2017.0
Strategy,The Escapists: The Walking Dead,388060,2015.0
Action,Zero G Arena,467820,2016.0
Adventure,Rust,252490,2013.0
Casual,AstroPop Deluxe,3340,2006.0
Casual,Winter Novel - Screensaver,512670,2016.0
RPG,Mugen Souls,389870,2015.0
Indie,Project X,662380,2017.0
Indie,Birch (Character for Occult preRaise),741310,2017.0
Racing,RaceRoom - ADAC GT Masters Experience 2014,332120,2014.0
Massively Multiplayer,BattleRush - German Special Forces DLC,750492,2017.0
Simulation,Isyium,555080,2016.0
Simulation,Rocksmith® 2014 – Iron Maiden - “Fear of the Dark”,258348,2013.0
Indie,Pixel Puzzles Ultimate - Puzzle Pack: Trains,591496,2017.0
Indie,"Trouble Witches Origin,additional character : Cynfi",715740,2017.0
Casual,Lord Mayor,499330,2016.0
Indie,Blink,447210,2017.0
Adventure,Yohjo Simulator,415950,2015.0
Adventure,On The Path Remastered,555430,2017.0
Adventure,Sherlock Holmes: The Devil's Daughter,350640,2016.0
Indie,The Uncertain: Episode 1 - The Last Quiet Day Soundtrack and Artbook,564030,2016.0
Adventure,rooMaze,575830,2017.0
Indie,Wormhole City,434300,2017.0
Casual,Female #3 + Starter Pack for Arcane (pre)Raise,609793,2017.0
Photo Editing,NORMALIZATOR,703300,2017.0
Indie,Montaro,495890,2016.0
Strategy,WAKFU – Zinit Pack,610490,2017.0
Free to Play,Piercing Blow,382850,2015.0
Strategy,Fantasy Grounds - King of Chicago (Call of Cthulhu),608020,2017.0
Strategy,Magibot,690850,2017.0
Strategy,Battle of Empires : 1914-1918 - Real War,410810,2016.0
Adventure,Squishy the Suicidal Pig,318430,2014.0
Simulation,Rocksmith - Grace Potter and the Nocturnals - Paris (Ooh La La),206168,2012.0
Adventure,Project: R.E.B.O.O.T,543170,2016.0
Web Publishing,PlayClaw 5 - Streamer Pack,407460,2015.0
Indie,The Witches' Tea Party Soundtrack,678270,2017.0
Action,Witchcraft,577000,2017.0
Indie,Commander Cool 2,356070,2015.0
Casual,Space Chaos,723060,2017.0
Indie,Pixel Puzzles Ultimate - Puzzle Pack: Horses,501170,2016.0
Action,DARK SOULS™ II - Season Pass,284450,2014.0
Casual,Flow Handcrafted,747810,2017.0
Casual,Minimal,448550,2016.0
Casual,PixelJunk™ Eden,105800,2012.0
Indie,Wars Across the World: Hastings 1066,551913,2017.0
Action,Natural Selection 2 - Forge Pack,740650,2017.0
Free to Play,Lumber King DLC - King's Shield,681512,2017.0
Action,Third Eye Crime,301420,2014.0
Adventure,Spirits of Mystery: Amber Maiden Collector's Edition,514760,2016.0
Casual,BADBLOOD,404400,2015.0
Strategy,Leveron Space,467350,2016.0
Indie,STONEBOND: The Gargoyle's Domain,524240,2017.0
Indie,Stikbold! Soundtrack,454640,2016.0
Strategy,Big Journey to Home - Official Soundtrack,390630,2015.0
Strategy,Heathen Engineering's Terran,427970,2016.0
Casual,FourChords Guitar Karaoke - One Direction II Song Pack,538828,2016.0
Casual,Lost Grimoires: Stolen Kingdom,536780,2016.0
Design &amp; Illustration,RPG Maker VX Ace - Cinematic Drums,703470,2017.0
Sports,Cricket Club,772180,2018.0
Strategy,Pathfinder Adventures - Epic and Legendary Cards 1,539595,2017.0
Massively Multiplayer,Wind of Luck: Arena - Asian Captain pack,386920,2015.0
Early Access,Watson's Watch,445550,2016.0
Indie,Manor of the Damned!,532670,2012.0
Simulation,Finders,352140,2013.0
Simulation,Sparkle 3 Genesis,361190,2015.0
Simulation,The Sims™ 3 Ambitions,47893,2010.0
Adventure,A Lenda do Herói - O Herói desta Canção,389170,2016.0
Casual,GUNS UP!,446150,2017.0
Simulation,Rocksmith® 2014 Edition – Remastered – Bob Marley & The Wailers Song Pack,590200,2017.0
Adventure,The Trail: Frontier Challenge,584370,2017.0
Casual,Akin Vol 2,654820,2017.0
Casual,Iron Sea Defenders,431750,2016.0
Strategy,HMM Booster Pack,587414,2017.0
Early Access,Stream Buddy,505550,2016.0
Action,Insanity's Blade,334190,2014.0
Action,Call of Duty®: Black Ops II - Octane Personalization Pack,274122,2014.0
Indie,Frayed Knights: The Skull of S'makh-Daon,314120,2014.0
Sports,NBA 2K16,370240,2015.0
Action,Holobunnies: Pause Cafe,497710,2017.0
Free to Play,Tanki X: Antaeus Marksman,639531,2017.0
Simulation,Fermi's Path,342650,2015.0
Sports,Pixel Puzzles Ultimate - Puzzle Pack: Fractal Rings,502840,2016.0
Casual,Custom Town,517700,2016.0
Massively Multiplayer,The Elder Scrolls Online - Crown Packs,539001,2016.0
Simulation,Relaxation balls,543360,2016.0
Free to Play,Deepworld,340810,2015.0
Action,Nakiti Generations,512120,2017.0
Indie,OlliOlli,274250,2014.0
Indie,Shadow Blade: Reload,272330,2015.0
Indie,Dogcoin,697260,2017.0
Adventure,Earthworm Jim 2,38490,1996.0
Indie,Ludoria,432420,2017.0
Indie,Replay - VHS is not dead,333490,2015.0
Action,Damage Inc. Pacific Squadron WWII,215390,2012.0
Action,BioShock Infinite - Season Pass,214933,2013.0
Indie,Disoriented,556240,2016.0
Simulation,theHunter™: Call of the Wild - Facing the Wild #1,619790,2017.0
Casual,Sacred Almanac Traces of Greed,544650,2016.0
Action,Borderlands 2: Psycho Dark Psyche Pack,224162,2013.0
Action,Beast Hands,467038,2016.0
Casual,Go To Bed: Survive The Night,413760,2015.0
Indie,Ace of Protectors,398150,2016.0
Indie,Marvin's Mittens Official Soundtrack,335520,2014.0
RPG,Hyperdimension Neptunia Re;Birth1 Deluxe Pack / DELUXEセット（ディジタル限定版）/ 數位附錄套組（數字限定版）,513730,2016.0
Indie,Energy Cycle Soundtrack,423240,2016.0
Indie,Shoot 1UP - Soundtrack,408150,2015.0
Action,Puppet Kings,756020,2017.0
Adventure,The Dream Machine: Chapter 3,94303,2012.0
Casual,Age of Barbarians: the Heavy Metal song,697350,2017.0
Strategy,Servo,305510,2015.0
Adventure,Divine Slice of Life,348540,2015.0
Strategy,Super Sanctum TD,235250,2013.0
Design &amp; Illustration,PD Particles 9,497310,2016.0
Free to Play,Romero's Aftermath,349700,2015.0
Action,Technosphere,746110,
Indie,Battle Chef Brigade,452570,2017.0
Adventure,QuestEvent,357910,2015.0
Indie,Chronology,269330,2014.0
Strategy,Fantasy Grounds - D&D Wizard Class Pack,360113,2015.0
RPG,Raywin,386110,2015.0
Action,Pivvot - Soundtrack (320kbps MP3),311440,2014.0
Simulation,Depopulation,718210,2017.0
Indie,The Incredible Adventures of Van Helsing II,272470,2014.0
Adventure,Evil Maze,484950,2016.0
Indie,Influent,274980,2014.0
Free to Play,Hide and Seek - Sun Hat,693615,2017.0
Indie,Star Story: The Horizon Escape - ArtBook PDF (Devs support pack),710790,2017.0
Casual,New Yankee in King Arthur's Court,462570,2016.0
Free to Play,Grimoire: Manastorm,335430,2017.0
Early Access,VS Round 1,725550,2017.0
Indie,CHKN,420930,2016.0
Casual,Bad School Boy,678540,2017.0
RPG,Sea Dogs: To Each His Own - The Final Lesson,452520,2016.0
Strategy,Nadia Was Here - Soundtrack,754700,2017.0
Indie,SoundTracks: The Train Set Game,760180,2017.0
Strategy,Centauri Sector,355810,2015.0
Casual,Donation Medium,751701,2017.0
Adventure,MicroSpy,669570,2017.0
Free to Play,Wanderland: Starter Pack,607840,2017.0
Simulation,The Multidimensional Underwear Drawer,502600,2016.0
Indie,Cards of Chaos,517110,2017.0
Casual,Sanctum: X-Mas Carnage (Free DLC),91616,2011.0
Simulation,Solaroids: Prologue,602080,2017.0
Simulation,Pool Nation FX - Unlock Cues,407820,2015.0
Strategy,Battlefield Alliance（战地联盟）,681350,2017.0
Racing,Nirvana Pilot Yume,716680,2017.0
Adventure,Shadow Puppeteer,316480,2014.0
Sports,MX vs. ATV Supercross Encore - 2015 KTM 250 SX MX,429711,2016.0
Action,Glitchrunners,446870,2016.0
Indie,LOOP: A Tranquil Puzzle Game,370150,2015.0
Action,Tachyon Project,385860,2015.0
Simulation,Pixel Puzzles Ultimate - Puzzle Pack: Reptile,535720,2016.0
Indie,Lion Quest,370130,2016.0
Action,C-Wars,250540,2015.0
RPG,Haunted Dream House,747130,2017.0
Casual,Extra Plinko Plays,582090,2017.0
Casual,Toki Tori,38700,2010.0
Action,Bit Blaster XL,433950,2016.0
Indie,Home Wars,645790,2017.0
Indie,Big Journey to Home Demo,390640,2015.0
RPG,Time Ramesside (A New Reckoning),290650,2015.0
Indie,Invisibox,620940,2017.0
Simulation,Episode 2 - Total War: Warhammer II,593930,2017.0
Adventure,Myths of the World: Stolen Spring Collector's Edition,638260,2017.0
Simulation,Rocksmith® 2014 – Band of Merrymakers - “Must Be Christmas”,390400,2015.0
RPG,Fantasy Grounds - Pathfinder RPG - Core Rules Pack (PFRPG),597310,2017.0
Casual,Bejeweled Twist,3560,2008.0
Adventure,Heroes of Issachar - Developer's Edition,509890,2016.0
Indie,Reflection of Mine - Soundtrack,594100,2017.0
Strategy,Katy and Bob Way Back Home,575890,2017.0
Casual,Rocksmith® 2014 – Lamb of God Song Pack,294971,2014.0
Adventure,Watch_Dogs® 2 - Home Town Pack,525036,2016.0
Indie,Squarelands,383560,2015.0
Indie,The Morgue Fissure Between Worlds,547150,2017.0
Adventure,This Is Not A Jumping Game,745890,2017.0
Indie,TowerClimb - Extended Original Soundtrack,428140,2016.0
Adventure,"Once Bitten, Twice Dead!",360590,2015.0
Indie,Koji (Character for Occult Raise),670591,2017.0
Design &amp; Illustration,RPG Maker VX Ace - Tragedy and Drama,721053,2017.0
Simulation,Pool Nation FX - Unlock Online,421770,2015.0
Free to Play,Mighty Party,575720,2017.0
Strategy,Crush Your Enemies - Plundered Loot DLC,501510,2016.0
Indie,Spellweaver - Vampire Overlord Deck,464330,2016.0
Action,Dead Rising 4 - X-Fists,593057,2017.0
Adventure,Casino Noir,586470,2017.0
Strategy,Desperados: Wanted Dead or Alive,260730,2001.0
Indie,Spartan,685050,2017.0
RPG,Winged Sakura: Endless Dream - Art Collection,721880,2017.0
Casual,Dark Strokes: The Legend of the Snow Kingdom Collector’s Edition,765690,2014.0
Simulation,Train Simulator: GEML Class 90 Loco Add-On,222597,2013.0
Action,Rocket Fist,413500,2016.0
Simulation,Waste Walkers Role Playing Game DLC,395690,2015.0
RPG,Space Hulk Ascension - Successor Chapter Pack,355900,2015.0
Simulation,Rocksmith® 2014 – Bachsmith,294990,2014.0
Free to Play,Pixel Puzzles Ultimate - Puzzle Pack: Korea,480593,2016.0
RPG,Sid Meier's Pirates!,3920,2005.0
Indie,Kim,433400,2016.0
Strategy,Expansion - Europa Universalis IV: Res Publica,279623,2014.0
Indie,Wildlife Park 3,287200,2014.0
Massively Multiplayer,EVE Online: 500 PLEX,629792,2017.0
Indie,Colorless Life,670430,2017.0
Indie,Paranormal Teens,549770,2016.0
Adventure,The Art and Design of The Eyes of Ara,695580,2017.0
Indie,Highschool Possession,408770,2015.0
Massively Multiplayer,The Promethium Effect - The Idle Clicker MMO,708510,2017.0
Massively Multiplayer,LoveBeat,354290,2016.0
Indie,Just Bones,470030,2016.0
Indie,UFO - Unfortunately Fortunate Organisms,586320,2017.0
Indie,Big Journey to Home,388440,2015.0
Casual,Ruzh Delta Z,370190,2015.0
Strategy,Fantasy Grounds - D&D Monster Pack - Celestials & Fiends,360421,2015.0
Massively Multiplayer,Dark and Light,529180,2017.0
Adventure,Ankh - Anniversary Edition,353980,2005.0
Early Access,Lazarus,510190,2017.0
Free to Play,Fishing Planet: Catfish Combat Pack,496435,2017.0
Adventure,Tangled Up!,502380,2016.0
Early Access,His Chuunibyou Cannot Be Cured!,694520,2017.0
Racing,Peak Angle: Drift Online - Japan Cars Pack,591880,2017.0
Strategy,Starship Corporation,292330,2016.0
Adventure,The Low Road,603700,2017.0
Simulation,Ship Simulator Extremes: Ferry Pack,48803,2011.0
Indie,Rescue the Great Demon 2 - Art Book,560630,2016.0
Action,Star Conflict: Fleet Strength - Blood Tormentor,397122,2015.0
Casual,SkiFy,656060,2017.0
Indie,Captain vs Sky Pirates - Moon Base,754670,2017.0
Casual,Super Dungeon Bros - Heavy Metal Soundtrack,439231,2016.0
Massively Multiplayer,FINAL FANTASY XIV Online Starter Edition,262341,2013.0
Action,eXceed 2nd - Vampire REX Original Soundtrack,334520,2014.0
Simulation,welcome to heaven,655160,2017.0
Casual,Auditorium,205870,2012.0
Strategy,Fantasy Grounds - Pathfinder RPG - Hell's Rebels  AP 4: A Song of Silver (PFRPG),754900,2017.0
RPG,Talisman - Character Pack #3 - Devil's Minion,258815,2014.0
Adventure,Getsuei Gakuen -kou-,411390,2015.0
Indie,Ultimate General: Civil War,502520,2017.0
Indie,BrainyJoy,732010,2017.0
Simulation,Rocksmith - Albert King with Stevie Ray Vaughan - Born Under a Bad Sign,206123,2012.0
Strategy,Adelantado Trilogy. Book one,423600,2015.0
Action,DW8XLCE - BGM PACK,316820,2014.0
Indie,Planet of Mubu,602170,2017.0
Simulation,Rocksmith® 2014 – Foo Fighters - “Monkey Wrench”,258403,2014.0
Indie,Silver Island,613610,2017.0
Strategy,Tenshu General,363180,2015.0
Adventure,Help,541920,2016.0
Adventure,Sixtieth Kilometer,448780,2016.0
Adventure,Christmas Stories: A Christmas Carol Collector's Edition,757030,2017.0
Indie,GOLDRUSHERS,710630,2017.0
Casual,Steam: Rails to Riches - Carcassonne Map,596820,2017.0
Casual,D4: In Game Document Full Unlock Key,380910,2015.0
Simulation,Euro Fishing: Manor Farm Lake,321470,2017.0
Indie,Gods Will Be Watching,274290,2014.0
RPG,Fantasy Grounds - Deadlands Reloaded: Marshall's Handbook and Extension,300440,2014.0
Casual,Rustbucket Rumble,351140,2015.0
Simulation,Football Manager Touch 2018 - Design a Son,711735,2017.0
Sports,HackyZack - Original Sountrack,615200,2017.0
Adventure,A Princess' Tale,461380,2016.0
Simulation,Aerofly FS 2 - USA Utah,611210,2017.0
Sports,ATV GP,385460,2015.0
Simulation,Cities In Motion: Design Dreams,206710,2012.0
Action,Cyber Utopia,654350,2017.0
Free to Play,Pinball Arcade: Season Six Pack,493300,2016.0
Strategy,Nobunaga's Ambition: Souzou - Scenario Nagashinonotatakai,297891,2014.0
Casual,Explodemon,281820,2011.0
Indie,Xotic DLC: Pipe Works Expansion Pack,92620,2012.0
Indie,Ninja Reflex: Steamworks Edition,13000,2008.0
Indie,Contagion OST,407920,2015.0
Action,Ghost 1.0 - Support Mission Mode Skin,614080,2017.0
Adventure,Deity Quest Demo,341210,2015.0
Action,Star Saviors,314450,2016.0
Indie,D4: Hand Cursor Set　Vol.2,384226,2015.0
Video Production,FaceRig Winter Holidays Avatars 2015,420821,2015.0
Action,Upside Down,586960,2017.0
Adventure,The First Time I Died,653770,2017.0
RPG,Forge of Gods: Promote pack,537324,2016.0
Simulation,Rocksmith® 2014 Edition – Remastered – The Monkees - “Valleri”,637710,2017.0
Strategy,Fantasy Grounds - The Sixth Gun Companion (Savage Worlds),690540,2017.0
Action,LEGO® Marvel Super Heroes 2 - Agents of Atlas,720700,2017.0
Adventure,Legends of Persia,301220,2014.0
Simulation,Pinball FX3 - Portal ® Pinball,657430,2017.0
Simulation,RymdResa Soundtrack,379730,2015.0
Casual,Wayward Manor,246720,2014.0
Indie,The Cerberus Project: Horde Arena FPS,662870,2017.0
Action,Ghoulboy - Dark Sword of Goblin,752500,2017.0
Free to Play,Just A Dream,712770,2017.0
RPG,Chronicles of a Dark Lord: Rhapsody Clash,418310,2015.0
Adventure,Lumino City - Soundtrack,351680,2015.0
Simulation,Trucks & Trailers,302060,2011.0
Indie,P-3 Biotic,311940,2016.0
Indie,The Fall Official Soundtrack,334180,2014.0
Action,Kyn,314560,2015.0
Indie,Starship Rubicon Demo,422170,2014.0
Adventure,Survivalizm - The Animal Simulator,597920,2017.0
Strategy,Deficis Demo,385820,2014.0
Action,Tyler,390460,2016.0
Indie,Talisman: Digital Edition,247000,2014.0
Action,GGXrd Extra Color Palettes - MILLIA RAGE,419943,2015.0
Simulation,Train Simulator: DB BR 440 ‘Coradia Continental’ Loco Add-On,376956,2016.0
Strategy,Fantasy Grounds - 5E: Heroes of High Fantasy: Greenskin Diplomacy,502630,2016.0
Indie,Rolling Gauntlet,434960,2016.0
Indie,Madballs Scorched Clan Skins,25761,2010.0
Indie,Robbery Bob: Man of Steal,372960,2015.0
Simulation,RADical ROACH Remastered,301750,2014.0
Casual,Extra Character (Male #2) + Item Pack for Arcane RE-Raise,611925,2017.0
Web Publishing,Clickteam Fusion 2.5 Free Edition,478960,2016.0
Action,DarkMaus Soundtrack,444820,2016.0
Casual,D4: Amanda's Costume Full Unlock Key,384222,2015.0
RPG,X-Blades - Digital Deluxe Content,604280,2017.0
Action,PixBit,466790,2016.0
Indie,Letter Quest: Grimm's Journey Remastered,373970,2015.0
Action,STANDBY – Wallpapers,578201,2017.0
RPG,BloodLust Shadowhunter,280600,2015.0
Early Access,Planet Nomads,504050,2017.0
Indie,DUNGEONS OF CHAOS,613390,2017.0
RPG,Gran Vitreous,346340,2015.0
Action,"Warhammer 40,000: Space Marine - Golden Relic Bolter",55343,2011.0
Strategy,Nethergate: Resurrection,218020,2008.0
RPG,a Family of Grave Diggers,383020,2016.0
Racing,Ride 2 Free Bikes Pack 4,571730,2017.0
Indie,BLACK DAY,696650,2017.0
Casual,Millennium 4 - Beyond Sunset,298840,2014.0
Action,Crazy Forest,491170,2016.0
Indie,Ragnarok - ARK Expansion Map,642250,2017.0
Adventure,Heroine Anthem Zero - Art Book,609200,2017.0
Strategy,Immortal Empire - Starter Pack 1,465830,2016.0
Adventure,Solmec: Hollow Planet,678880,2017.0
Simulation,Agricultural Simulator: Historical Farming,259890,2012.0
Early Access,Regions Of Ruin,680360,2018.0
Free to Play,World of Warships,552990,2017.0
Indie,Dinosaur Hunt - Guns Expansion Pack,434941,2016.0
Adventure,Rebels Character Pack,466549,2016.0
Adventure,TRISTOY,303260,2015.0
Casual,Achievement Hunter: Offensive,696550,2017.0
RPG,Bizarre Tale,759180,2017.0
Indie,Din's Curse: Demon War DLC,217300,2011.0
Adventure,The Witches' Tea Party,594950,2017.0
Simulation,Reigns: Her Majesty,717640,2017.0
RPG,SolForge,232450,2016.0
Strategy,Waste Walkers Prepper's Edition DLC,371350,2015.0
Indie,Nomad,378370,2015.0
RPG,1931: Scheherazade at the Library of Pergamum,334850,2015.0
Action,Even the Ocean,265470,2016.0
Action,Halloween Mysteries,547090,2016.0
Action,Last Stitch Goodnight,509620,2017.0
RPG,Asyula 方舟之链,689070,2017.0
Simulation,Strike Squadron: Caracará,507340,2016.0
Education,Clickteam Fusion 2.5 Free Edition,478960,2016.0
Strategy,CUIT - Official Soundtrack,617380,2017.0
Casual,Help Me Doctor,538560,2016.0
Strategy,Tank Battle: 1945,540250,2017.0
Indie,Speedball 2 HD,251690,2013.0
Casual,Ayo: A Rain Tale,667220,2017.0
Indie,"Invisible, Inc.",243970,2015.0
Action,Akaneiro: Demon Hunters,230310,2014.0
Adventure,Duel of Summoners: The Mabinogi Trading Card Game,688430,2017.0
Early Access,Zone of Lacryma,496540,2016.0
Simulation,In the name of sin,682510,2017.0
Sports,Pixel Puzzles Ultimate - Puzzle Pack: Savanna,509522,2016.0
Simulation,FourChords Guitar Karaoke - Britney Spears Song Pack,537151,2016.0
Casual,The Return Home,502910,2016.0
Indie,RHEM I SE: The Mysterious Land,656900,2017.0
Adventure,Vanilla Bagel: The Roguelike,491510,2016.0
Action,C9: Steam Beginners Package,284700,2014.0
Indie,Tempest: Pirate Action RPG,418180,2016.0
Utilities,Clickteam Fusion 2.5,248170,2013.0
Indie,Crest - an indirect god sim,341710,2015.0
RPG,Dungeons of Dredmor: Realm of the Diggle Gods,98820,2011.0
Design &amp; Illustration,Axis Game Factory's AGFPRO v3,253370,2013.0
RPG,//SNOWFLAKE TATTOO//,355430,2015.0
Indie,Nona,713370,2017.0
Strategy,12 Labours of Hercules V: Kids of Hellas (Platinum Edition),491330,2016.0
Indie,Robots.io,704070,2017.0
Massively Multiplayer,Guild Wars Nightfall,29580,2006.0
Strategy,Beyond the Invisible: Evening,650880,2017.0
Action,USFIV: Femme Fatale Horror Pack,344174,2015.0
RPG,Two Brothers,259760,2013.0
Adventure,Fort Defense - Atlantic Ocean,363350,2015.0
Casual,Jelly Killer,441670,2016.0
Indie,Lightwire,686000,2017.0
Adventure,Goliath,363520,2016.0
Indie,Empathy: Path of Whispers - Original soundtrack,634170,2017.0
Adventure,TumbleSeed - Original Soundtrack,630290,2017.0
Indie,Fantasy Grounds - B10: White Worm of Weston (5E),696670,2017.0
Casual,Hide and Seek - Witch Hat,693634,2017.0
RPG,On The Path - Soundtrack,564870,2017.0
Action,A dragon girl looks up at the endless sky,456760,2016.0
Early Access,GUNS UP!,446150,2017.0
RPG,Rhino's Rage,433210,2015.0
Casual,Columns™ III,34317,2010.0
Simulation,Assetto corsa - Japanese Pack,467980,2016.0
Early Access,Keyscaper,732980,2017.0
Indie,Milkmaid of the Milky Way - Soundtrack,579960,2017.0
Racing,MX vs. ATV Supercross Encore - 2015 KTM 450 SX-F MX,429901,2016.0
Casual,Schlag den Star - Das Spiel,603550,2017.0
Strategy,Oddworld: Stranger's Wrath HD,15750,2010.0
Adventure,End of Zoe,530611,2017.0
Indie,Defend The Highlands,374830,2015.0
Adventure,Binding of Isaac: Wrath of the Lamb,113204,2012.0
Indie,Blacksea Odyssey,369550,2016.0
Adventure,SVRVIVE: The Deus Helix - Christmas DLC,571750,2016.0
Strategy,"Duels 2013 ""Collective Might"" Foil Conversion",97389,2012.0
Indie,emoj.io - Beast Pack,538536,2016.0
Free to Play,HIS - [AVRO Spade] Julia Mackin Pack,369509,2015.0
Sports,Age of Gladiators,442500,2016.0
Strategy,Defend the Highlands: World Tour,527320,2017.0
Indie,Awesome Machine,626160,2017.0
Indie,Kinetic Void,227160,2014.0
Early Access,Animal Super Squad,703840,2017.0
Indie,Darkness Within 1: In Pursuit of Loath Nolder,298930,2009.0
Adventure,Below Kryll Demo,402050,2016.0
Action,Airport Fire Department - The Simulation,502410,2011.0
RPG,Soundtrack for Secrets of Grindea,403220,2015.0
Sports,The Fishing Club 3D,522230,2017.0
Indie,Rocket Blasters,755490,2017.0
Indie,Carried Away OST - Lounging Away by Juhani Junkala,729230,2017.0
RPG,Gods and Nemesis: of Ghosts from Dragons,509530,2017.0
Indie,Galaxy of Trian Board Game,525330,2016.0
Simulation,Rocksmith® 2014 – 38 Special - “Rockin’ into the Night”,390438,2016.0
Action,The Showdown Effect,204080,2013.0
Indie,Wondership Q,494980,2016.0
Adventure,Ariel,449700,2017.0
RPG,BioShock™,7670,2007.0
Casual,Rocksmith - Steppenwolf - Born to be Wild,222081,2013.0
Indie,Elements II: Hearts of Light,448640,2016.0
Indie,Retro Game Crunch Soundtrack,374260,2015.0
Indie,Arcadecraft,297330,2014.0
Simulation,Pixel Puzzles Ultimate - Puzzle Pack: Shipwrecks,591504,2017.0
Simulation,"Rocksmith - Fall Out Boy - Sugar, We're Goin Down",222083,2013.0
Early Access,Leadwerks Game Launcher,355500,2015.0
RPG,RymdResa Soundtrack,379730,2015.0
Indie,Monsters!,336160,2016.0
Casual,The New Queen,552570,2017.0
Casual,Dead Reckoning: Silvermoon Isle Collector's Edition,586690,2017.0
Adventure,Cattails Kickstarter-exclusive Color,661141,2017.0
Adventure,Onyx,370620,2017.0
RPG,Star Story: The Horizon Escape,610310,2017.0
Indie,Cubway,511160,2016.0
Strategy,Little Lords of Twilight,625010,2017.0
Free to Play,ArcheAge: Fresh Adventurer Pack,445320,2016.0
Simulation,Social Justice Warriors,348270,2014.0
Indie,Small Radios Big Televisions,390040,2016.0
RPG,SUNLESS SKIES,596970,2017.0
Indie,Final Days,459830,2016.0
Indie,Defy Gravity Extended,96100,2016.0
Action,Arena Wars 2,207730,2012.0
Indie,Fantasy Grounds - Dead in the Water (CoC),601730,2017.0
Adventure,Verde Station,324120,2014.0
Action,The Crew™ Season Pass,315396,2014.0
Indie,Data Hacker: Initiation,311860,2014.0
Action,Silver Grapple,595080,2017.0
Action,Goblins and Grottos - Original Music,512290,2016.0
Adventure,Luna Sky - Soundtrack,403890,2015.0
Action,Vaccine War,453350,2016.0
Adventure,"METAL GEAR ONLINE ""BASIC APPEAL PACK""",436040,2016.0
Action,Dropzone - Pilot Pack: Threshing Trio,639070,2017.0
Casual,Legendary Mahjong,701290,2017.0
Indie,West of Loathing,597220,2017.0
Strategy,Into the Stars,360510,2016.0
Massively Multiplayer,Romero's Aftermath,349700,2015.0
Action,Skullgirls: Robo-Fortune,245173,2015.0
Strategy,Dungeon Defenders: Quest for the Lost Eternia Shards Part 3,204383,2012.0
Racing,Duckie Dash,491110,2016.0
Adventure,Crowtel Renovations,573520,2017.0
Sports,Elysium: Blood Games,430080,2016.0
Strategy,Imperi,749710,2017.0
Action,Primal Carnage - Dinosaur Skin Pack 1 DLC,225780,2012.0
Adventure,Just Alone,388300,2015.0
Indie,The Extinction,413510,2015.0
Indie,"Run, my little pixel",703270,2017.0
Indie,God Simulator,509440,2016.0
Early Access,Blackwake,420290,2017.0
Action,Krinkle Krusher,435010,2016.0
Action,World War II GI,376750,1999.0
Adventure,Tom Clancy's Splinter Cell Blacklist - Homeland DLC,256270,2013.0
Strategy,Age of Fear: The Undead King,351480,2011.0
Sports,SNOW,244930,2013.0
Indie,Space Pilgrim Episode II: Epsilon Indi,431710,2016.0
Indie,Tenshu General,363180,2015.0
Indie,My Own Little Planet,603250,2017.0
RPG,Fantasy Grounds - Mini-Dungeon #017: Shadows of Madness (PFRPG),577620,2017.0
Adventure,Battle Knights,493000,2016.0
Adventure,The Saint: Abyss of Despair,560820,2013.0
